ら戳,}L,程蔼,程C,ΜL,害^,害^%," А基5"," А基10"," А基20"," А基60"," А基120"," OBV"," Аu10"," ~戈ws"," Аq5"," Аq10"," RSI 6"," RSI 12"," RSV"," K9"," D9"," Θユq"," Аq5"," K(9,3,3)"," D(9,3,3)"," J"," 劾绨赢ws"," Аq5"," Аq10"," OSC"," DIF"," MACD"," kHws"," Аq5"," Аq10",
2020/11/27,67.00,119.50,67.00,107.00,0.00,0.00,,,,,,0.0000,,0,,,,,,,,598,,,,,0,,,,,,0,,,
2020/11/30,104.50,111.00,98.80,110.00,3.00,2.8037,,,,,,196.0000,,0,,,,,,,,196,,,,,0,,,,,,0,,,
2020/12/01,110.50,110.50,102.50,103.50,-6.50,-5.9091,,,,,,68.0000,,0,,,,,,,,128,,,,,0,,,,,,0,,,
2020/12/02,105.50,106.00,98.60,98.60,-4.90,-4.7343,,,,,,-88.0000,,0,,,,,,,,156,,,,,0,,,,,,0,,,
2020/12/03,100.50,101.00,99.00,101.00,2.40,2.4341,104.0200,,,,,-79.0000,,0,0,,,,,,,9,217,,,,0,0,,,,,0,0,,
2020/12/04,101.00,101.50,96.50,99.00,-2.00,-1.9802,102.4200,,,,,-250.0000,,0,0,,,,,,,171,132,,,,0,0,,,,,0,0,,
2020/12/07,98.00,98.30,95.00,97.90,-1.10,-1.1111,100.0000,,,,,-332.0000,,0,0,,27.1357,,,,,82,109,,,,0,0,,,,,0,0,,
2020/12/08,99.50,106.00,97.70,100.00,2.10,2.145,99.3000,,,,,-236.0000,,0,0,,35.3256,,,,,96,102,,,,0,0,,,,,0,0,,
2020/12/09,100.00,100.00,96.90,97.90,-2.10,-2.10,99.1600,,,,,-342.0000,,0,0,,31.1272,,58.8571,52.9524,50.9841,106,92,52.9524,50.9841,56.8889,0,0,,,,,0,0,,
2020/12/10,98.90,99.90,97.90,98.00,0.10,0.1021,98.5600,101.2900,,,,-195.0000,-125.8000,0,0,0,31.5918,,18.7500,41.5516,47.8399,147,120,41.5516,47.8399,28.9749,0,0,0,,,,0,0,0,
2020/12/11,99.80,99.80,97.60,98.20,0.20,0.2041,98.4000,100.4100,,,,-165.0000,-142.3000,0,0,0,32.6816,,20.6452,34.5828,43.4209,30,92,34.5828,43.4209,16.9066,0,0,0,,,,0,0,0,
2020/12/14,98.40,98.50,98.00,98.50,0.30,0.3055,98.5200,99.2600,,,,-154.0000,-177.3000,0,0,0,34.5583,,31.8182,33.6612,40.1677,11,78,33.6612,40.1677,20.6484,0,0,0,,,,0,0,0,
2020/12/15,97.60,99.00,97.60,99.00,0.50,0.5076,98.3200,98.8100,,,,-150.0000,-199.1000,0,0,0,38.0142,34.1270,36.3636,34.5620,38.2991,4,59,34.5620,38.2991,27.0879,0,0,0,,,,0,0,0,
2020/12/16,99.40,99.50,98.10,98.20,-0.80,-0.8081,98.3800,98.7700,,,,-223.0000,-212.6000,0,0,0,34.5146,32.9847,29.0909,32.7383,36.4455,73,53,32.7383,36.4455,25.3239,0,0,0,,,,0,0,0,
2020/12/17,98.30,98.90,97.50,98.90,0.70,0.7128,98.5600,98.5600,,,,-205.0000,-225.2000,0,0,0,40.2867,35.0596,35.4545,33.6437,35.5116,18,27,33.6437,35.5116,29.9080,0,0,0,,,,0,0,0,
2020/12/18,98.20,100.50,98.20,100.00,1.10,1.1122,98.9200,98.6600,,,,-117.0000,-211.9000,0,0,0,48.7973,38.3327,34.0659,33.7845,34.9359,88,38,33.7845,34.9359,31.4816,0,0,0,,,,0,0,0,
2020/12/21,100.50,101.00,99.00,99.90,-0.10,-0.10,99.2000,98.8600,,,,-200.0000,-198.7000,0,0,0,48.0502,38.1421,73.1707,46.9132,38.9283,83,53,46.9132,38.9283,62.8830,0,0,0,,,,0,0,0,
2020/12/22,99.90,100.00,99.00,99.50,-0.40,-0.4004,99.3000,98.8100,,,,-268.0000,-201.9000,0,0,0,44.7608,37.3319,57.1429,50.3231,42.7266,68,66,50.3231,42.7266,65.5161,0,0,0,,,,0,0,0,
2020/12/23,100.00,112.00,100.00,112.00,12.50,12.5628,102.0600,100.2200,,,,-155.0000,-183.2000,0,0,0,84.5145,63.6533,100.0000,66.8821,50.7784,113,74,66.8821,50.7784,99.0894,0,0,0,,,,0,0,0,
2020/12/24,112.00,123.00,104.50,114.50,2.50,2.2321,105.1800,101.8700,101.5800,,,292.0000,-134.5000,0,0,0,86.7952,66.7045,66.6667,66.8103,56.1224,447,159,66.8103,56.1224,88.1861,0,0,0,,,,0,0,0,
2020/12/25,114.50,118.50,110.00,113.00,-1.50,-1.31,107.7800,103.3500,101.8800,,,154.0000,-102.6000,0,0,0,78.4737,63.2302,60.7843,64.8016,59.0154,138,169,64.8016,59.0154,76.3739,0,0,0,,,,0,0,0,
2020/12/28,113.00,115.00,106.00,111.50,-1.50,-1.3274,110.1000,104.6500,101.9550,,,24.0000,-84.8000,0,0,0,70.3768,59.8306,54.9020,61.5017,59.8442,130,179,61.5017,59.8442,64.8168,0,0,0,,,,0,0,0,
2020/12/29,111.50,112.00,107.00,108.50,-3.00,-2.6906,111.9000,105.6000,102.2050,,,-36.0000,-73.4000,0,0,0,56.4083,53.5490,43.1373,55.3802,58.3562,60,177,55.3802,58.3562,49.4283,0,0,0,,,,0,0,0,
2020/12/30,109.50,111.00,108.50,111.00,2.50,2.3041,111.7000,106.8800,102.8250,,,51.0000,-46.0000,0,0,0,63.6276,57.5963,51.6129,54.1245,56.9456,87,172,54.1245,56.9456,48.4821,0,0,0,,,,0,0,0,
2020/12/31,111.00,111.00,108.00,111.00,0.00,0.00,111.0000,108.0900,103.3250,,,51.0000,-20.4000,0,0,0,63.6276,57.5963,50.0000,52.7496,55.5470,75,98,52.7496,55.5470,47.1550,0,0,0,,,,0,0,0,
2021/01/04,111.50,118.50,111.00,117.50,6.50,5.8559,111.9000,109.8400,104.2500,,,193.0000,10.6000,0,0,0,77.5485,66.6006,77.0833,60.8609,57.3183,142,98,60.8609,57.3183,67.9461,0,0,0,,5.6651,,0,0,0,
2021/01/05,117.50,117.50,114.50,114.50,-3.00,-2.5532,112.5000,111.3000,105.0800,,,136.0000,44.2000,0,0,0,63.9852,60.1677,63.0435,61.5884,58.7416,57,84,61.5884,58.7416,67.2819,0,0,0,,5.6665,,0,0,0,
2021/01/06,115.00,117.00,110.00,112.00,-2.50,-2.1834,113.2000,112.5500,105.6800,,,9.0000,71.9000,0,0,0,54.4601,55.3109,40.5405,54.5725,57.3519,127,97,54.5725,57.3519,49.0135,0,0,0,,5.4035,,0,0,0,
2021/01/07,113.00,125.00,111.50,120.50,8.50,7.5893,115.1000,113.4000,106.8100,,,183.0000,105.7000,0,0,0,71.6680,65.6079,76.3158,61.8202,58.8414,174,115,61.8202,58.8414,67.7780,0,0,0,,5.8140,,0,0,0,
2021/01/08,121.00,144.50,119.00,141.50,21.00,17.4274,121.2000,116.1000,108.9850,,,805.0000,157.0000,0,0,0,86.6375,78.7835,92.2078,71.9494,63.2107,622,224,71.9494,63.2107,89.4268,0,0,0,,7.7445,,0,0,0,
2021/01/11,140.00,144.50,126.50,131.00,-10.50,-7.4205,123.9000,117.9000,110.6250,,,370.0000,178.6000,0,0,0,65.7832,65.1662,64.0000,69.2996,65.2403,435,283,69.2996,65.2403,77.4181,0,0,0,,8.3312,,0,0,0,
2021/01/12,130.00,132.50,122.50,128.00,-3.00,-2.2901,126.6000,119.5500,112.1000,,,142.0000,190.4000,0,0,0,60.7681,61.8349,54.7945,64.4646,64.9818,228,317,64.4646,64.9818,63.4302,0,0,0,,8.4566,,0,0,0,
2021/01/13,131.50,136.50,128.50,135.00,7.00,5.4688,131.2000,122.2000,113.9000,,,314.0000,225.4000,0,0,0,67.6695,66.2292,73.9726,67.6339,65.8658,172,326,67.6339,65.8658,71.1701,0,0,0,,9.0168,,0,0,0,
2021/01/14,135.00,152.00,132.00,145.00,10.00,7.4074,136.1000,125.6000,116.2400,,,609.0000,281.2000,0,0,0,75.1602,71.3671,83.3333,72.8671,68.1996,295,350,72.8671,68.1996,82.2021,0,0,0,5.5795,10.1508,7.3610,0,0,0,
2021/01/15,145.50,146.50,134.50,136.50,-8.50,-5.8621,135.1000,128.1500,118.1200,,,321.0000,308.2000,0,0,0,60.7932,62.5437,63.0952,69.6098,68.6696,288,283,69.6098,68.6696,71.4901,0,0,0,4.6151,10.2454,7.9379,0,0,0,
2021/01/18,138.00,140.50,130.00,137.50,1.00,0.7326,136.4000,130.1500,119.9950,,,426.0000,331.5000,0,0,0,61.8234,63.1288,65.4762,68.2319,68.5237,105,217,68.2319,68.5237,67.6483,0,0,0,3.7515,10.2826,8.4068,0,0,0,
2021/01/19,136.50,138.00,131.50,134.50,-3.00,-2.1818,137.7000,132.1500,121.7250,,,346.0000,352.5000,0,0,0,56.4805,60.0587,56.7901,64.4180,67.1551,80,188,64.4180,67.1551,58.9437,0,0,0,2.4774,9.9552,8.7165,0,0,0,
2021/01/20,136.00,136.50,129.50,130.00,-4.50,-3.3457,136.7000,133.9500,123.2500,,,220.0000,373.6000,0,0,0,48.8771,55.6315,33.3333,54.0564,62.7889,126,178,54.0564,62.7889,36.5915,0,0,0,0.8157,9.2263,8.8185,0,0,0,
2021/01/21,130.50,132.50,129.00,130.50,0.50,0.3846,133.8000,134.9500,124.1750,,,336.0000,388.9000,0,0,0,49.7786,56.0244,27.1186,45.0772,56.8850,116,143,45.0772,56.8850,21.4615,0,0,0,-0.3656,8.5900,8.7728,0,0,0,
2021/01/22,130.50,135.50,123.00,135.50,5.00,3.8314,133.6000,134.3500,125.2250,,,545.0000,362.9000,0,0,0,58.5492,59.8986,44.0678,44.7407,52.8369,209,127,44.7407,52.8369,28.5483,0,0,0,-0.6086,8.3924,8.6967,0,0,0,
2021/01/25,130.50,135.00,129.50,132.00,-3.50,-2.583,132.5000,134.4500,126.1750,,,436.0000,369.5000,0,0,0,51.0590,56.1229,31.0345,40.1720,48.6153,109,128,40.1720,48.6153,23.2854,0,0,0,-1.3343,7.8627,8.5299,0,0,0,
2021/01/26,129.00,136.00,129.00,134.00,2.00,1.5152,132.4000,135.0500,127.3000,,,585.0000,413.8000,0,0,0,55.0060,57.7819,37.9310,39.4250,45.5518,149,141,39.4250,45.5518,27.1713,0,0,0,-1.6195,7.5177,8.3275,0,0,0,
2021/01/27,133.50,137.50,132.00,135.00,1.00,0.7463,133.4000,135.0500,128.6250,,,727.0000,455.1000,0,0,0,57.0828,58.6349,51.0638,43.3046,44.8028,142,145,43.3046,44.8028,40.3083,0,0,0,-1.7375,7.2415,8.1103,0,0,0,
2021/01/28,130.00,134.00,129.50,132.50,-2.50,-1.8519,133.8000,133.8000,129.7000,,,643.0000,458.5000,0,0,0,50.1400,55.5724,54.2857,46.9650,45.5235,84,138,46.9650,45.5235,49.8479,0,0,0,-2.1874,6.7431,7.8368,0,0,0,
2021/01/29,133.50,135.50,131.50,135.50,3.00,2.2642,133.8000,133.7000,130.9250,,,755.0000,501.9000,0,0,0,57.5711,58.4157,83.3333,59.0878,50.0449,112,119,59.0878,50.0449,77.1734,0,0,0,-2.1147,6.5151,7.5725,0,0,0,
2021/02/01,135.50,135.50,129.50,131.00,-4.50,-3.321,133.6000,133.0500,131.6000,,,682.0000,527.5000,0,0,0,45.3934,52.8781,55.1724,57.7826,52.6242,73,112,57.7826,52.6242,68.0996,0,0,0,-2.6707,5.9033,7.2387,0,0,0,
2021/02/02,133.00,141.50,132.00,137.50,6.50,4.9618,134.3000,133.3500,132.7500,,,852.0000,578.1000,0,0,0,60.0432,59.0022,78.3784,64.6479,56.6321,170,116,64.6479,56.6321,80.6795,0,0,0,-2.1816,5.8752,6.9660,0,0,0,
2021/02/03,138.00,140.50,136.00,138.00,0.50,0.3636,134.9000,134.1500,134.0500,,,958.0000,651.9000,0,0,0,61.0088,59.4445,81.0811,70.1256,61.1299,106,109,70.1256,61.1299,88.1170,0,0,0,-1.8238,5.8261,6.7380,0,0,0,
2021/02/04,138.50,138.50,133.00,138.00,0.00,0.00,136.0000,134.9000,134.9250,,,958.0000,714.1000,0,0,0,61.0088,59.4445,72.0000,70.7504,64.3368,107,113,70.7504,64.3368,83.5777,0,0,0,-1.6268,5.7212,6.5346,0,0,0,
2021/02/05,138.00,139.00,136.00,137.50,-0.50,-0.3623,136.4000,135.1000,134.7250,,,872.0000,746.8000,0,0,0,58.9572,58.6910,68.0000,69.8336,66.1690,86,108,69.8336,66.1690,77.1628,0,0,0,-1.6010,5.5340,6.3345,0,0,0,
2021/02/17,140.50,145.00,138.50,142.50,5.00,3.6364,138.7000,136.1500,135.3000,,,1080.0000,811.2000,0,0,0,70.7577,63.7094,83.8710,74.5127,68.9503,208,135,74.5127,68.9503,85.6377,0,0,0,-0.9783,5.7231,6.2122,0,0,0,
2021/02/18,140.00,140.50,136.50,140.00,-2.50,-1.7544,139.2000,136.7500,135.9000,,,874.0000,840.1000,0,0,0,60.3472,59.7501,67.7419,72.2558,70.0521,206,142,72.2558,70.0521,76.6632,0,0,0,-0.9690,5.6066,6.0911,0,0,0,
2021/02/19,140.00,146.50,138.00,144.50,4.50,3.2143,140.5000,137.7000,136.3750,,,1184.0000,885.8000,0,0,0,69.9098,64.1277,88.2353,77.5823,72.5622,310,183,77.5823,72.5622,87.6225,0,0,0,-0.4491,5.8104,6.0349,0,0,0,
2021/02/22,145.00,161.00,142.50,156.50,12.00,8.3045,144.2000,140.1000,136.9500,,,1691.0000,990.6000,0,0,0,83.0163,72.7497,85.7143,80.2930,75.1391,507,263,80.2930,75.1391,90.6007,0,0,0,1.3219,6.8611,6.2002,0,0,0,
2021/02/23,155.00,155.00,139.50,141.50,-15.00,-9.5847,145.0000,140.7000,137.2000,,,1373.0000,1052.4000,0,0,0,50.2107,54.7916,32.7586,64.4482,71.5755,318,309,64.4482,71.5755,50.1936,0,0,0,0.3350,6.4096,6.2421,0,0,0,
2021/02/24,140.50,141.50,136.50,139.00,-2.50,-1.7668,144.3000,141.5000,137.2750,,,1193.0000,1103.5000,0,0,0,46.5330,52.4382,21.4286,50.1083,64.4197,180,304,50.1083,64.4197,21.4854,0,0,0,-0.7340,5.7833,6.1503,0,0,0,
2021/02/25,138.50,139.50,135.50,137.50,-1.50,-1.0791,143.8000,141.5000,137.4250,,,1108.0000,1129.1000,0,0,0,44.2019,51.0042,16.0714,38.7627,55.8674,85,280,38.7627,55.8674,4.5533,0,0,0,-1.6691,5.1071,5.9417,0,0,0,
2021/02/26,136.00,136.00,133.00,133.00,-4.50,-3.2727,141.5000,141.0000,137.5750,,,978.0000,1131.1000,0,0,0,37.4484,46.8144,0.0000,25.8418,45.8589,130,244,25.8418,45.8589,-14.1923,0,0,0,-2.8505,4.1601,5.5854,0,0,0,
2021/03/02,134.50,136.50,131.50,131.50,-1.50,-1.1278,136.5000,140.3500,137.6250,,,853.0000,1120.6000,0,0,0,35.2916,45.4566,0.0000,17.2279,36.3152,125,167,17.2279,36.3152,-20.9468,0,0,0,-3.7348,3.2511,5.1185,0,0,0,
2021/03/03,132.00,132.00,123.50,130.00,-1.50,-1.1407,134.2000,139.6000,137.3500,121.3850,,546.0000,1088.0000,0,0,0,33.0101,44.0624,17.3333,17.2630,29.9645,307,165,17.2630,29.9645,-8.1399,0,0,0,-4.3780,2.3822,4.5713,0,0,0,
2021/03/04,130.00,134.50,128.00,130.00,0.00,0.00,132.4000,138.3500,137.2500,121.7683,,546.0000,1034.6000,0,0,0,33.0101,44.0624,17.3333,17.2865,25.7385,104,150,17.2865,25.7385,0.3824,0,0,0,-4.6351,1.6743,3.9919,0,0,0,
2021/03/05,128.00,130.00,126.00,129.00,-1.00,-0.7692,130.7000,137.2500,137.0000,122.0850,,474.0000,994.6000,0,0,0,31.0812,43.0157,14.6667,16.4132,22.6300,72,147,16.4132,22.6300,3.9795,0,0,0,-4.7536,1.0209,3.3977,0,0,0,
2021/03/08,130.50,133.00,130.50,131.00,2.00,1.5504,130.3000,135.9000,136.8000,122.5433,,571.0000,933.3000,0,0,0,39.5577,45.8237,23.8095,18.8786,21.3796,97,141,18.8786,21.3796,13.8768,0,0,0,-4.3854,0.6568,2.8495,0,0,0,
2021/03/09,132.00,134.50,130.00,131.50,0.50,0.3817,130.3000,133.4000,136.7500,123.0917,,646.0000,828.8000,0,0,0,41.7085,46.5421,44.4444,27.4006,23.3866,75,131,27.4006,23.3866,35.4286,0,0,0,-3.9129,0.4039,2.3604,0,0,0,
2021/03/10,131.50,133.50,131.50,132.50,1.00,0.7605,130.8000,132.5000,136.6000,123.6167,,708.0000,762.3000,0,0,0,46.2951,48.0453,56.2500,37.0170,27.9301,62,82,37.0170,27.9301,55.1910,0,0,0,-3.3270,0.2810,1.9445,0,0,0,
2021/03/11,133.00,133.00,131.00,132.00,-0.50,-0.3774,131.2000,131.8000,136.6500,124.1667,,656.0000,708.6000,0,0,0,44.2080,47.3195,65.3846,46.4729,34.1110,52,71,46.4729,34.1110,71.1967,0,0,0,-2.8846,0.1416,1.5839,0,0,0,
2021/03/12,132.50,132.50,126.50,128.00,-4.00,-3.0303,131.0000,130.8500,136.1750,124.6683,,504.0000,648.2000,0,0,0,30.8546,41.8078,34.6154,42.5204,36.9141,152,87,42.5204,36.9141,53.7329,0,0,0,-2.9956,-0.2883,1.2095,0,0,0,
2021/03/15,127.00,127.50,122.00,124.00,-4.00,-3.125,129.6000,129.9500,135.4750,125.0683,,299.0000,580.3000,0,0,0,22.6461,37.0943,16.0000,33.6803,35.8362,205,109,33.6803,35.8362,29.3684,0,0,0,-3.4407,-0.9409,0.7794,0,0,0,
2021/03/16,124.50,129.00,124.50,127.00,3.00,2.4194,128.7000,129.5000,134.9250,125.5533,,430.0000,538.0000,0,0,0,37.5894,42.4069,40.0000,35.7868,35.8197,131,120,35.7868,35.8197,35.7211,0,0,0,-3.1706,-1.2022,0.3831,0,0,0,
2021/03/17,127.00,127.50,123.50,126.00,-1.00,-0.7874,127.4000,129.1000,134.3500,126.0200,,303.0000,513.7000,0,0,0,34.8931,41.1434,32.0000,34.5246,35.3880,127,133,34.5246,35.3880,32.7977,0,0,0,-2.9697,-1.4730,0.0119,0,0,0,
2021/03/18,127.00,129.00,126.00,128.00,2.00,1.5873,126.6000,128.9000,133.6250,126.5167,,377.0000,496.8000,0,0,0,44.4552,44.7360,48.0000,39.0164,36.5975,74,137,39.0164,36.5975,43.8542,0,0,0,-2.4331,-1.5088,-0.2923,0,0,0,
2021/03/19,128.50,129.00,127.00,128.50,0.50,0.3906,126.7000,128.8500,133.0500,127.0167,,468.0000,496.2000,0,0,0,46.7993,45.6409,52.0000,43.3442,38.8464,91,125,43.3442,38.8464,52.3400,0,0,0,-1.9000,-1.4798,-0.5298,0,0,0,
2021/03/22,127.50,131.50,127.50,129.50,1.00,0.7782,127.8000,128.7000,132.3000,127.5250,,633.0000,502.4000,0,0,0,51.6920,47.5160,65.2174,50.6353,42.7760,165,117,50.6353,42.7760,66.3538,0,0,0,-1.3290,-1.3604,-0.6959,0,0,0,
2021/03/23,129.50,132.50,129.00,132.00,2.50,1.9305,128.8000,128.7500,131.0750,128.0883,,762.0000,514.0000,0,0,0,62.1382,52.0288,90.9091,64.0599,49.8707,129,117,64.0599,49.8707,92.4384,0,0,0,-0.5697,-1.0520,-0.7671,0,0,0,
2021/03/24,132.50,141.50,132.00,135.50,3.50,2.6515,130.7000,129.0500,130.7750,128.6983,,982.0000,541.4000,0,0,0,72.2275,57.5973,69.2308,65.7835,55.1749,220,135,65.7835,55.1749,87.0007,0,0,0,0.3968,-0.5191,-0.7175,0,0,0,
2021/03/25,137.00,137.00,129.00,131.50,-4.00,-2.952,131.4000,129.0000,130.4000,129.2233,,730.0000,548.8000,0,0,0,52.8963,50.3155,48.7179,60.0950,56.8150,252,171,60.0950,56.8150,66.6551,0,0,0,0.4843,-0.4148,-0.6570,0,0,0,
2021/03/26,132.00,135.50,131.00,133.50,2.00,1.5209,132.4000,129.5500,130.2000,129.7833,,856.0000,584.0000,0,0,0,59.4139,53.5207,55.5556,58.5818,57.4039,126,178,58.5818,57.4039,60.9377,0,0,0,0.7811,-0.1688,-0.5593,0,0,0,
2021/03/29,135.00,145.50,135.00,141.00,7.50,5.618,134.7000,131.2500,130.6000,130.4750,,1228.0000,676.9000,0,0,0,74.9877,63.2257,79.5455,65.5697,60.1259,372,219,65.5697,60.1259,76.4574,0,0,0,1.8936,0.6241,-0.3226,0,0,0,
2021/03/30,141.00,145.00,138.50,139.50,-1.50,-1.0638,136.2000,132.5000,131.0000,130.9333,,997.0000,733.6000,0,0,0,68.6642,60.4709,69.2308,66.7901,62.3473,231,240,66.7901,62.3473,75.6757,0,0,0,2.3060,1.1186,-0.0344,0,0,0,
2021/03/31,140.50,142.50,138.50,141.50,2.00,1.4337,137.4000,134.0500,131.5750,131.3833,,1218.0000,825.1000,0,0,0,72.3895,62.8268,78.3784,70.6528,65.1158,221,240,70.6528,65.1158,81.7269,0,0,0,2.6996,1.6528,0.3031,0,0,0,
2021/04/01,141.00,179.00,141.00,172.00,30.50,21.5548,145.5000,138.4500,133.6750,132.3667,,2775.0000,1064.9000,0,0,0,91.3054,81.3344,86.4078,75.9045,68.7120,1557,501,75.9045,68.7120,90.2894,0,0,0,6.6921,4.4856,1.1396,0,0,0,
2021/04/06,169.00,178.50,159.50,162.50,-9.50,-5.5233,151.3000,141.8500,135.3500,133.2167,,1678.0000,1185.9000,0,0,0,72.6914,69.5657,67.0000,72.9363,70.1201,1097,695,72.9363,70.1201,78.5687,0,0,0,7.6104,5.8960,2.0909,0,0,0,
2021/04/07,164.00,167.00,162.50,164.00,1.50,0.9231,155.9000,145.3000,137.0000,134.1417,,2077.0000,1330.3000,0,0,0,73.7070,70.3058,70.0000,71.9575,70.7326,399,701,71.9575,70.7326,74.4075,0,0,0,7.9403,7.0535,3.0834,0,0,0,
2021/04/08,168.50,190.00,168.00,184.00,20.00,12.1951,164.8000,150.5000,139.6250,135.3583,,3184.0000,1572.5000,0,0,0,83.5159,78.0645,90.1639,78.0263,73.1638,1107,876,78.0263,73.1638,87.7513,0,0,0,10.2274,9.4755,4.3618,0,0,0,
2021/04/09,183.00,184.00,168.00,170.00,-14.00,-7.6087,170.5000,153.9500,141.5000,136.3417,,2566.0000,1730.9000,0,0,0,63.5890,65.0793,66.1017,74.0515,73.4597,618,955,74.0515,73.4597,75.2349,0,0,0,9.2583,10.1482,5.5191,0,0,0,
2021/04/12,169.50,173.00,156.50,160.00,-10.00,-5.8824,168.1000,156.8000,142.9000,137.0500,,1875.0000,1845.4000,0,0,0,52.7922,57.6119,45.4545,64.5192,70.4795,691,782,64.5192,70.4795,52.5984,0,0,0,6.7885,9.7619,6.3677,0,0,0,
2021/04/13,160.50,161.50,148.00,150.00,-10.00,-6.25,165.6000,158.4500,144.0000,137.6417,,1259.0000,1885.7000,0,0,0,43.8565,51.2027,22.3301,50.4561,63.8051,616,686,50.4561,63.8051,23.7583,0,0,0,3.4922,8.5503,6.8042,0,0,0,
2021/04/14,153.00,153.00,136.00,150.50,0.50,0.3333,162.9000,159.4000,145.3250,138.2833,,1863.0000,1949.2000,0,0,0,44.4210,51.4970,26.8519,42.5880,56.7327,604,727,42.5880,56.7327,14.2987,0,0,0,1.1829,7.5435,6.9521,0,0,0,
2021/04/15,151.50,160.00,141.50,153.00,2.50,1.6611,156.7000,160.7500,146.6250,138.8250,,2192.0000,2068.7000,0,0,0,47.5828,53.0419,31.4815,38.8859,50.7838,329,571,38.8859,50.7838,15.0900,0,0,0,-0.1343,6.8681,6.9353,0,0,0,
2021/04/16,151.00,155.50,150.50,152.00,-1.00,-0.6536,153.1000,161.8000,147.9250,139.0000,,2019.0000,2148.8000,0,0,0,46.3180,52.3148,29.6296,35.8004,45.7893,173,482,35.8004,45.7893,15.8227,0,0,0,-1.2069,6.1810,6.7844,0,0,0,
2021/04/19,154.50,154.50,143.00,146.50,-5.50,-3.6184,150.4000,159.2500,148.8500,139.2583,,1831.0000,2054.4000,0,0,0,39.4050,48.3389,19.4444,30.3484,40.6424,188,382,30.3484,40.6424,9.7606,0,0,0,-2.6416,5.1334,6.4542,0,0,0,
2021/04/20,144.00,148.50,141.00,145.50,-1.00,-0.6826,149.5000,157.5500,149.7000,139.5500,,1576.0000,2044.2000,0,0,0,38.1623,47.6211,17.5926,26.0965,35.7937,255,309,26.0965,35.7937,6.7020,0,0,0,-3.6477,4.1744,5.9982,0,0,0,
2021/04/21,145.50,150.00,142.50,142.50,-3.00,-2.0619,147.9000,155.4000,150.3500,139.6750,,1375.0000,1974.0000,0,0,0,34.2713,45.4139,13.5417,21.9116,31.1663,201,229,21.9116,31.1663,3.4020,0,0,0,-4.5794,3.1361,5.4258,0,0,0,
2021/04/22,144.50,145.50,134.00,135.00,-7.50,-5.2632,144.3000,150.5000,150.5000,139.5083,,921.0000,1747.7000,0,0,0,26.2440,40.3176,2.5641,15.4624,25.9317,454,254,15.4624,25.9317,-5.4762,0,0,0,-5.9795,1.6887,4.6784,0,0,0,
2021/04/23,135.50,141.00,133.00,139.50,4.50,3.3333,141.8000,147.4500,150.7000,139.5583,,1209.0000,1612.0000,0,0,0,36.8876,44.4015,22.8070,17.9106,23.2580,288,277,17.9106,23.2580,7.2158,0,0,0,-6.0545,0.8943,3.9216,0,0,0,
2021/04/26,139.50,145.00,139.50,140.00,0.50,0.3584,140.5000,145.4500,151.1250,139.6000,,1386.0000,1563.1000,0,0,0,38.0790,44.8588,25.9259,20.5824,22.3661,177,275,20.5824,22.3661,17.0149,0,0,0,-5.7918,0.3017,3.1976,0,0,0,
2021/04/27,140.00,141.50,137.00,141.50,1.50,1.0714,139.7000,144.6000,151.5250,139.7167,,1604.0000,1597.6000,0,0,0,42.0194,46.3044,31.4815,24.2154,22.9826,218,267,24.2154,22.9826,26.6811,0,0,0,-5.1904,-0.0464,2.5488,0,0,0,
2021/04/28,141.50,141.50,137.50,138.50,-3.00,-2.1201,138.9000,143.4000,151.4000,139.8583,,1545.0000,1565.8000,0,0,0,36.4522,43.7992,24.4444,24.2918,23.4190,59,239,24.2918,23.4190,26.0374,0,0,0,-4.9708,-0.5579,1.9274,0,0,0,
2021/04/29,139.00,139.00,134.50,135.50,-3.00,-2.1661,139.0000,141.6500,151.2000,139.9417,,1363.0000,1482.9000,0,0,0,31.4517,41.3582,11.6279,20.0705,22.3028,182,184,20.0705,22.3028,15.6058,0,0,0,-4.9906,-1.1917,1.3036,0,0,0,
2021/05/03,134.00,136.00,126.00,129.00,-6.50,-4.797,136.9000,139.3500,150.5750,139.8333,,1105.0000,1391.5000,0,0,0,23.1831,36.5442,12.5000,17.5470,20.7175,258,178,17.5470,20.7175,11.2059,0,0,0,-5.5948,-2.1931,0.6043,0,0,0,
2021/05/04,127.50,135.00,120.50,129.50,0.50,0.3876,134.8000,137.6500,148.4500,139.7917,,1377.0000,1346.1000,0,0,0,25.0031,37.1581,30.5085,21.8675,21.1008,272,197,21.8675,21.1008,23.4008,0,0,0,-5.6274,-2.9128,-0.0991,0,0,0,
2021/05/05,128.50,136.00,127.00,129.50,0.00,0.00,132.4000,136.0500,146.8000,139.7167,,1377.0000,1326.2000,0,0,0,25.0031,37.1581,36.0000,26.5783,22.9267,135,181,26.5783,22.9267,33.8816,0,0,0,-5.3510,-3.4435,-0.7680,0,0,0,
2021/05/06,130.00,131.50,118.00,126.50,-3.00,-2.3166,130.0000,134.4500,144.9250,139.5750,,1212.0000,1309.9000,0,0,0,20.7546,34.7574,31.4815,28.2127,24.6887,165,202,28.2127,24.6887,35.2608,0,0,0,-5.2662,-4.0594,-1.4263,0,0,0,
2021/05/07,126.50,134.00,126.00,130.50,4.00,3.1621,129.0000,134.0000,142.2500,139.5417,,1314.0000,1349.2000,0,0,0,37.6939,40.3619,46.2963,34.2406,27.8726,102,186,34.2406,27.8726,46.9764,0,0,0,-4.4004,-4.1765,-1.9763,0,0,0,
2021/05/10,130.50,132.00,123.00,125.00,-5.50,-4.2146,128.2000,132.5500,140.0000,139.3667,,1107.0000,1339.0000,0,0,0,27.8657,35.7547,29.7872,32.7561,29.5005,207,176,32.7561,29.5005,39.2674,0,0,0,-4.2930,-4.6595,-2.5130,0,0,0,
2021/05/11,124.50,125.00,105.00,109.50,-15.50,-12.40,124.2000,129.5000,137.4750,139.0083,,740.0000,1274.4000,0,0,0,14.8082,26.4668,12.3288,25.9470,28.3160,367,195,25.9470,28.3160,21.2091,0,0,0,-5.9332,-6.2212,-3.2546,0,0,0,
2021/05/12,108.50,114.00,98.60,108.00,-1.50,-1.3699,119.9000,126.1500,135.3750,138.5167,,483.0000,1162.3000,0,0,0,14.0440,25.7604,23.2673,25.0538,27.2286,257,219,25.0538,27.2286,20.7042,0,0,0,-6.7823,-7.4936,-4.1024,0,0,0,
2021/05/13,107.00,119.50,103.00,112.50,4.50,4.1667,117.1000,123.5500,133.4750,138.0917,,597.0000,1067.5000,0,0,0,27.5116,31.7246,37.1658,29.0911,27.8494,114,209,29.0911,27.8494,31.5745,0,0,0,-6.3098,-8.0461,-4.8911,0,0,0,
2021/05/14,115.00,117.50,111.00,114.00,1.50,1.3333,113.8000,121.4000,131.5250,137.6917,,671.0000,998.3000,0,0,0,31.7866,33.6626,41.1765,33.1196,29.6061,74,203,33.1196,29.6061,40.1464,0,0,0,-5.4023,-8.2676,-5.5664,0,0,0,
2021/05/17,108.00,112.50,102.50,108.00,-6.00,-5.2632,110.4000,119.3000,129.3250,137.2000,,424.0000,930.2000,0,0,0,24.7736,29.9527,25.1337,30.4576,29.8900,247,211,30.4576,29.8900,31.5929,0,0,0,-5.2146,-8.8255,-6.2183,0,0,0,
2021/05/18,108.00,125.50,108.00,125.00,17.00,15.7407,113.5000,118.8500,128.2500,136.9083,,630.0000,855.5000,0,0,0,57.0168,47.7511,74.5763,45.1638,34.9812,206,179,45.1638,34.9812,65.5290,0,0,0,-2.5404,-7.8060,-6.5358,0,0,0,
2021/05/19,124.00,132.50,120.00,126.00,1.00,0.80,117.1000,118.5000,127.2750,136.6750,,807.0000,798.5000,0,0,0,58.2790,48.5894,77.4011,55.9096,41.9574,177,163,55.9096,41.9574,83.8141,0,0,0,-0.4842,-6.8385,-6.5963,0,0,0,
2021/05/20,123.50,127.00,121.50,122.00,-4.00,-3.1746,119.0000,118.0500,126.2500,136.3000,,737.0000,751.0000,0,0,0,51.0789,45.4103,69.0265,60.2819,48.0655,70,154,60.2819,48.0655,84.7146,0,0,0,0.4396,-6.3216,-6.5414,0,0,0,
2021/05/21,123.50,128.50,120.50,125.50,3.50,2.8689,121.3000,117.5500,125.7750,135.7833,,816.0000,701.2000,0,0,0,56.6964,48.6192,79.3510,66.6383,54.2565,79,155,66.6383,54.2565,91.4019,0,0,0,1.5616,-5.5654,-6.3462,0,0,0,
2021/05/24,125.00,127.00,123.00,125.50,0.00,0.00,124.8000,117.6000,125.0750,135.5167,,816.0000,672.1000,0,0,0,56.6964,48.6192,79.3510,70.8759,59.7963,89,124,70.8759,59.7963,93.0351,0,0,0,2.2987,-4.9095,-6.0588,0,0,0,
2021/05/25,125.50,130.50,125.50,128.50,3.00,2.3904,125.5000,119.5000,124.5000,135.3417,,922.0000,690.3000,0,0,0,62.0719,51.5259,86.6667,76.1395,65.2440,106,104,76.1395,65.2440,97.9304,0,0,0,3.1336,-4.1003,-5.6671,0,0,0,
2021/05/26,128.50,128.50,123.50,125.50,-3.00,-2.3346,125.4000,121.2500,123.7000,135.1417,,870.0000,729.0000,0,0,0,54.0243,48.5309,76.6667,76.3152,68.9344,52,79,76.3152,68.9344,91.0768,0,0,0,3.2130,-3.6590,-5.2655,0,0,0,
2021/05/27,125.50,126.00,123.50,125.50,0.00,0.00,126.1000,122.5500,123.0500,135.0167,,870.0000,756.3000,0,0,0,54.0243,48.5309,76.6667,76.4324,71.4337,11,67,76.4324,71.4337,86.4296,0,0,0,3.1904,-3.2715,-4.8667,0,0,0,
2021/05/28,125.50,130.00,125.50,127.50,2.00,1.5936,126.5000,123.9000,122.6500,134.9500,,964.0000,785.6000,0,0,0,59.1132,50.7998,79.5918,77.4855,73.4510,94,70,77.4855,73.4510,85.5546,0,0,0,3.3530,-2.7711,-4.4476,0,0,0,
2021/05/31,127.50,131.50,127.00,129.50,2.00,1.5686,127.3000,126.0500,122.6750,134.9417,128.1633,1139.0000,857.1000,0,0,0,63.9072,53.0574,76.0000,76.9903,74.6308,175,87,76.9903,74.6308,81.7095,0,0,0,3.6155,-2.1879,-3.9957,0,0,0,
2021/06/01,129.50,140.50,129.50,138.00,8.50,6.5637,129.2000,127.3500,123.1000,135.0750,128.4217,1471.0000,941.2000,0,0,0,77.4135,61.2920,87.5000,80.4936,76.5850,332,132,80.4936,76.5850,88.3106,0,0,0,4.7482,-1.0280,-3.4021,0,0,0,
2021/06/02,137.00,138.00,130.50,133.50,-4.50,-3.2609,130.8000,128.1000,123.3000,135.1500,128.6175,1208.0000,981.3000,0,0,0,62.5446,55.6536,65.0000,75.3290,76.1664,263,175,75.3290,76.1664,73.6544,0,0,0,4.6970,-0.4665,-2.8150,0,0,0,
2021/06/03,133.50,135.50,132.00,134.50,1.00,0.7491,132.6000,129.3500,123.7000,135.2083,128.8758,1253.0000,1032.9000,0,0,0,64.3695,56.6210,65.7143,72.1241,74.8190,45,181,72.1241,74.8190,66.7345,0,0,0,4.5976,0.0585,-2.2403,0,0,0,
2021/06/04,135.00,135.50,132.00,134.50,0.00,0.00,134.0000,130.2500,123.9000,135.2583,129.1750,1253.0000,1076.6000,0,0,0,64.3695,56.6210,64.7059,69.6514,73.0964,76,178,69.6514,73.0964,62.7613,0,0,0,4.3352,0.4692,-1.6984,0,0,0,
2021/06/07,134.50,138.50,131.50,135.50,1.00,0.7435,135.2000,131.2500,124.4250,135.3083,129.4625,1348.0000,1129.8000,0,0,0,66.7055,57.7187,70.5882,69.9637,72.0522,95,162,69.9637,72.0522,65.7866,0,0,0,4.1020,0.8653,-1.1857,0,0,0,
2021/06/08,135.50,137.00,135.00,136.00,0.50,0.369,134.8000,132.0000,125.7500,135.3750,129.7708,1427.0000,1180.3000,0,0,0,67.9657,58.2944,73.5294,71.1522,71.7522,79,111,71.1522,71.7522,69.9523,0,0,0,3.8263,1.2058,-0.7074,0,0,0,
2021/06/09,137.00,137.00,134.50,136.50,0.50,0.3676,135.4000,133.1000,127.1750,135.5167,130.0925,1521.0000,1245.4000,0,0,0,69.3574,58.9047,73.3333,71.8793,71.7946,94,77,71.8793,71.7946,72.0487,0,0,0,3.5296,1.4986,-0.2662,0,0,0,
2021/06/10,137.00,137.50,135.00,137.50,1.00,0.7326,136.0000,134.3000,128.4250,135.7417,130.4050,1873.0000,1345.7000,0,0,0,72.2507,60.1763,77.7778,73.8454,72.4782,352,139,73.8454,72.4782,76.5800,0,0,0,3.2911,1.7907,0.1452,0,0,0,
2021/06/11,137.50,137.50,134.00,137.50,0.00,0.00,136.6000,135.3000,129.6000,135.9167,130.7350,1873.0000,1436.6000,0,0,0,72.2507,60.1763,72.7273,73.4727,72.8097,314,186,73.4727,72.8097,74.7988,0,0,0,2.9664,1.9992,0.5160,0,0,0,
2021/06/15,137.00,145.00,137.00,142.00,4.50,3.2727,137.9000,136.5500,131.3000,136.1833,131.1017,2375.0000,1560.2000,0,0,0,82.7843,65.8373,79.3103,75.4186,73.6793,502,268,75.4186,73.6793,78.8971,0,0,0,3.1724,2.4987,0.9126,0,0,0,
2021/06/16,142.00,146.50,137.00,140.00,-2.00,-1.4085,138.7000,136.7500,132.0500,136.3833,131.4500,2116.0000,1624.7000,0,0,0,68.8462,61.5922,56.6667,69.1680,72.1755,259,304,69.1680,72.1755,63.1528,0,0,0,2.8633,2.7021,1.2705,0,0,0,
2021/06/17,138.50,141.50,135.50,141.00,1.00,0.7143,139.6000,137.5000,132.8000,136.5917,131.8042,2312.0000,1735.1000,0,0,0,71.7046,62.8972,63.3333,67.2231,70.5247,196,324,67.2231,70.5247,60.6198,0,0,0,2.6239,2.9104,1.5985,0,0,0,
2021/06/18,141.00,143.00,139.50,141.50,0.50,0.3546,140.4000,138.2000,133.7750,136.7917,132.1583,2599.0000,1869.7000,0,0,0,73.1810,63.5722,66.6667,67.0376,69.3623,287,311,67.0376,69.3623,62.3881,0,0,0,2.3710,3.0803,1.8948,0,0,0,
2021/06/21,140.50,141.00,133.50,138.50,-3.00,-2.1201,140.6000,138.6000,134.4250,136.9000,132.4942,2317.0000,1976.1000,0,0,0,53.1962,56.8069,38.4615,57.5123,65.4123,282,305,57.5123,65.4123,41.7121,0,0,0,1.6707,2.9390,2.1037,0,0,0,
2021/06/22,140.50,141.00,137.50,140.50,2.00,1.444,140.3000,139.1000,135.1750,136.9833,132.8408,2482.0000,2089.5000,0,0,0,61.5880,59.9098,53.8462,56.2902,62.3716,165,237,56.2902,62.3716,44.1274,0,0,0,1.3611,2.9544,2.2738,0,0,0,
2021/06/23,140.50,145.50,139.50,142.50,2.00,1.4235,140.8000,139.7500,135.8750,137.1667,133.1950,2805.0000,2227.3000,0,0,0,68.3893,62.8232,69.2308,60.6037,61.7823,323,250,60.6037,61.7823,58.2466,0,0,0,1.3095,3.0923,2.4375,0,0,0,
2021/06/24,142.50,154.00,140.00,152.00,9.50,6.6667,143.0000,141.3000,137.2000,137.4750,133.6292,3420.0000,2417.2000,0,0,0,84.2675,72.9931,90.2439,70.4838,64.6828,615,334,70.4838,64.6828,82.0857,0,0,0,2.3767,3.9229,2.7346,0,0,0,
2021/06/25,152.50,154.50,145.50,147.50,-4.50,-2.9605,144.2000,142.3000,138.3000,137.5833,134.0292,3131.0000,2543.0000,0,0,0,65.5513,63.9528,66.6667,69.2114,66.1923,289,334,69.2114,66.1923,75.2496,0,0,0,2.2967,4.1700,3.0217,0,0,0,
2021/06/28,148.00,149.50,143.50,145.00,-2.50,-1.6949,145.5000,143.0500,139.1750,137.6750,134.3042,2933.0000,2649.0000,0,0,0,57.0970,59.4876,54.7619,64.3949,65.5932,198,318,64.3949,65.5932,61.9983,0,0,0,1.7520,4.1167,3.2407,0,0,0,
2021/06/29,145.00,147.00,141.50,143.00,-2.00,-1.3793,146.0000,143.1500,139.8500,137.7000,134.5417,2808.0000,2692.3000,0,0,0,50.8064,56.0709,45.2381,58.0093,63.0652,125,310,58.0093,63.0652,47.8974,0,0,0,1.0044,3.8684,3.3662,0,0,0,
2021/06/30,143.50,144.50,141.50,144.00,1.00,0.6993,146.3000,143.5500,140.1500,137.2333,134.8000,2925.0000,2773.2000,0,0,0,53.8567,57.4053,50.0000,55.3395,60.4900,117,268,55.3395,60.4900,45.0386,0,0,0,0.5494,3.7096,3.4349,0,0,0,
2021/07/01,144.00,145.00,138.00,140.50,-3.50,-2.4306,144.0000,143.5000,140.5000,136.8667,135.0417,2807.0000,2822.7000,0,0,0,42.7291,51.4393,33.3333,48.0041,56.3280,118,169,48.0041,56.3280,31.3563,0,0,0,-0.2739,3.2637,3.4006,0,0,0,
2021/07/02,140.50,141.50,138.00,140.00,-0.50,-0.3559,142.5000,143.3500,140.7750,136.4667,135.3042,2674.0000,2830.2000,0,0,0,41.2674,50.6194,14.7059,36.9047,49.8536,133,138,36.9047,49.8536,11.0069,0,0,0,-0.9014,2.8372,3.2880,0,0,0,
2021/07/05,140.50,149.00,139.50,148.00,8.00,5.7143,143.1000,144.3000,141.4500,135.8667,135.6125,3028.0000,2901.3000,0,0,0,64.5504,61.3671,60.6061,44.8052,48.1708,354,169,44.8052,48.1708,38.0739,0,0,0,-0.2864,3.1090,3.2522,0,0,0,
2021/07/06,146.00,147.50,142.50,144.50,-3.50,-2.3649,143.4000,144.7000,141.9000,135.4417,135.8917,2840.0000,2937.1000,0,0,0,53.4304,55.5922,39.3939,43.0014,46.4477,188,182,43.0014,46.4477,36.1089,0,0,0,-0.3919,3.0073,3.2032,0,0,0,
2021/07/07,144.50,144.50,140.50,143.00,-1.50,-1.0381,143.2000,144.7500,142.2500,135.1583,136.1042,2691.0000,2925.7000,0,0,0,49.0819,53.2495,30.3030,38.7686,43.8880,149,188,38.7686,43.8880,28.5299,0,0,0,-0.6873,2.7736,3.1173,0,0,0,
2021/07/08,141.50,144.50,138.00,140.50,-2.50,-1.7483,143.2000,143.6000,142.4500,135.0000,136.3208,2328.0000,2816.5000,0,0,0,42.2112,49.4598,21.7391,33.0921,40.2894,363,237,33.0921,40.2894,18.6976,0,0,0,-1.2124,2.3595,2.9657,0,0,0,
2021/07/09,140.00,140.00,137.00,138.00,-2.50,-1.7794,142.8000,142.6500,142.4750,134.7917,136.5375,2061.0000,2709.5000,0,0,0,36.1403,45.8964,8.3333,24.8392,35.1393,267,264,24.8392,35.1393,4.2390,0,0,0,-1.8511,1.8088,2.7343,0,0,0,
2021/07/12,139.00,140.50,138.00,139.00,1.00,0.7246,141.0000,142.0500,142.5500,134.5583,136.6917,2089.0000,2625.1000,0,0,0,40.2641,47.5455,16.6667,22.1150,30.7979,28,199,22.1150,30.7979,4.7493,0,0,0,-2.0766,1.4365,2.4748,0,0,0,
2021/07/13,139.00,140.00,137.50,138.00,-1.00,-0.7194,139.7000,141.5500,142.3500,134.3250,136.6625,1610.0000,2505.3000,0,0,0,37.3684,46.0154,8.3333,17.5211,26.3723,479,257,17.5211,26.3723,-0.1812,0,0,0,-2.2819,1.0486,2.1895,0,0,0,
2021/07/14,139.50,139.50,137.00,139.50,1.50,1.087,139.0000,141.1000,142.3250,134.2083,136.7333,1870.0000,2399.8000,0,0,0,44.5470,48.7160,20.8333,18.6252,23.7899,260,279,18.6252,23.7899,8.2957,0,0,0,-2.1394,0.8524,1.9221,0,0,0,
2021/07/15,139.50,141.50,138.50,141.50,2.00,1.4337,139.2000,141.2000,142.3500,134.1417,136.8458,2045.0000,2323.6000,0,0,0,53.1404,52.1945,37.5000,24.9168,24.1656,175,241,24.9168,24.1656,26.4193,0,0,0,-1.7177,0.8486,1.7074,0,0,0,
2021/07/16,141.00,141.50,139.00,140.00,-1.50,-1.0601,139.6000,141.2000,142.2750,134.1000,136.8875,1896.0000,2245.8000,0,0,0,46.6360,49.4502,28.5714,26.1350,24.8220,149,218,26.1350,24.8220,28.7609,0,0,0,-1.5859,0.7162,1.5092,0,0,0,
2021/07/19,139.50,140.00,136.50,139.00,-1.00,-0.7143,139.6000,140.3000,142.3000,134.1667,136.8375,1687.0000,2111.7000,0,0,0,42.4767,47.6290,31.2500,27.8400,25.8280,209,254,27.8400,25.8280,31.8640,0,0,0,-1.5753,0.5246,1.3123,0,0,0,
2021/07/20,138.00,139.50,133.50,135.00,-4.00,-2.8777,139.0000,139.3500,142.0250,134.0917,136.8250,1541.0000,1981.8000,0,0,0,29.7436,41.0342,13.6364,23.1055,24.9205,146,187,23.1055,24.9205,19.4754,0,0,0,-2.0206,0.0494,1.0597,0,0,0,
2021/07/21,136.00,137.00,131.50,132.50,-2.50,-1.8519,137.6000,138.3000,141.5250,133.9667,136.7833,1435.0000,1856.2000,0,0,0,24.2840,37.4946,10.0000,18.7370,22.8593,106,157,18.7370,22.8593,10.4923,0,0,0,-2.5322,-0.5229,0.7432,0,0,0,
2021/07/22,133.00,134.00,129.50,131.50,-1.00,-0.7547,135.6000,137.4000,140.5000,133.8000,136.7583,1102.0000,1733.6000,0,0,0,22.3176,36.1344,16.6667,18.0469,21.2552,333,188,18.0469,21.2552,11.6303,0,0,0,-2.8612,-1.0451,0.3855,0,0,0,
2021/07/23,132.00,136.00,131.00,134.00,2.50,1.9011,134.4000,137.0000,139.8250,133.7250,136.7917,1206.0000,1648.1000,0,0,0,37.5001,41.8841,37.5000,24.5312,22.3472,104,179,24.5312,22.3472,28.8993,0,0,0,-2.6055,-1.2429,0.0598,0,0,0,
2021/07/26,134.00,135.50,131.00,133.50,-0.50,-0.3731,133.3000,136.4500,139.2500,133.6917,136.8167,957.0000,1534.9000,0,0,0,35.8199,41.0772,33.3333,27.4653,24.0532,249,187,27.4653,24.0532,34.2894,0,0,0,-2.3735,-1.4236,-0.2369,0,0,0,
2021/07/27,134.00,134.00,128.50,130.50,-3.00,-2.2472,132.4000,135.7000,138.6250,133.7167,136.7750,644.0000,1438.3000,0,0,0,27.0831,36.4777,15.3846,23.4384,23.8483,313,221,23.4384,23.8483,22.6186,0,0,0,-2.4822,-1.7883,-0.5471,0,0,0,
2021/07/28,130.50,131.00,125.00,126.50,-4.00,-3.0651,131.2000,134.4000,137.7500,133.6667,136.7292,569.0000,1308.2000,0,0,0,19.4807,31.3687,9.0909,18.6559,22.1175,75,214,18.6559,22.1175,11.7327,0,0,0,-2.9208,-2.3727,-0.9122,0,0,0,
2021/07/29,128.00,129.50,124.00,126.50,0.00,0.00,130.2000,132.9000,137.0500,133.6167,136.6667,569.0000,1160.6000,0,0,0,19.4807,31.3687,15.6250,17.6456,20.6269,203,188,17.6456,20.6269,11.6831,0,0,0,-3.0260,-2.8035,-1.2905,0,0,0,
2021/07/30,127.00,134.00,126.50,132.50,6.00,4.7431,129.9000,132.1500,136.6750,133.7167,136.6458,866.0000,1057.6000,0,0,0,49.8737,45.0959,54.8387,30.0433,23.7657,297,227,30.0433,23.7657,42.5986,0,0,0,-2.1439,-2.6305,-1.5585,0,0,0,
2021/08/02,130.00,148.50,128.50,146.00,13.50,10.1887,132.4000,132.8500,136.5750,133.9750,136.7583,1321.0000,1021.0000,0,0,0,75.1745,63.1749,89.7959,49.9608,32.4974,455,268,49.9608,32.4974,84.8877,0,0,0,0.2728,-1.3880,-1.5244,0,0,0,
2021/08/03,144.00,151.50,142.00,149.50,3.50,2.3973,136.2000,134.3000,136.8250,134.3833,136.8750,2558.0000,1122.7000,0,0,0,78.5438,66.3122,92.7273,64.2163,43.0704,1237,453,64.2163,43.0704,106.5082,0,0,0,2.2478,-0.1195,-1.2434,0,0,0,
2021/08/04,150.50,154.50,147.00,152.00,2.50,1.6722,141.3000,136.2500,137.2750,135.0917,137.0500,3505.0000,1329.7000,0,0,0,80.7797,68.4094,91.8033,73.4120,53.1842,947,627,73.4120,53.1842,113.8674,0,0,0,3.7096,1.0751,-0.7797,0,0,0,
2021/08/05,151.50,155.50,148.50,150.00,-2.00,-1.3158,146.0000,138.1000,137.7500,135.7917,137.1542,2934.0000,1512.9000,0,0,0,73.4335,64.8842,82.5397,76.4545,60.9410,571,701,76.4545,60.9410,107.4816,0,0,0,4.1903,1.8392,-0.2559,0,0,0,
2021/08/06,150.00,150.50,146.00,149.50,-0.50,-0.3333,149.4000,139.6500,138.3250,136.4083,137.2500,2376.0000,1629.9000,0,0,0,71.4832,63.9850,80.9524,77.9538,66.6119,558,753,77.9538,66.6119,100.6376,0,0,0,4.2128,2.3771,0.2707,0,0,0,
2021/08/09,149.00,152.00,141.50,143.50,-6.00,-4.0134,148.9000,140.6500,138.5500,136.9000,137.2958,2124.0000,1746.6000,0,0,0,51.7082,54.1590,61.9048,72.6041,68.6093,252,713,72.6041,68.6093,80.5937,0,0,0,3.2353,2.2927,0.6751,0,0,0,
2021/08/10,145.00,146.00,137.00,139.50,-4.00,-2.7875,146.9000,141.5500,138.6250,137.4250,137.3125,1957.0000,1877.9000,0,0,0,42.3383,48.7179,49.2063,64.8049,67.3412,167,499,64.8049,67.3412,59.7322,0,0,0,1.9302,1.8814,0.9164,0,0,0,
2021/08/11,138.50,139.50,130.50,134.50,-5.00,-3.5842,143.4000,142.3500,138.3750,137.5833,137.2458,1686.0000,1989.6000,0,0,0,33.2898,42.8479,27.5862,52.3987,62.3603,271,363,52.3987,62.3603,32.4753,0,0,0,0.3561,1.1389,0.9609,0,0,0,
2021/08/12,135.50,140.00,134.00,136.00,1.50,1.1152,140.6000,143.3000,138.1000,137.7500,137.2125,1850.0000,2117.7000,0,0,0,38.0557,45.0161,27.7778,44.1917,56.3041,164,282,44.1917,56.3041,19.9668,0,0,0,-0.4753,0.6638,0.9015,0,0,0,
2021/08/13,137.00,142.00,131.00,133.00,-3.00,-2.2059,137.3000,143.3500,137.7500,137.9333,137.1167,1753.0000,2206.4000,0,0,0,32.4857,41.5749,10.0000,32.7945,48.4676,97,190,32.7945,48.4676,1.4482,0,0,0,-1.3708,0.0447,0.7301,0,0,0,
2021/08/16,131.50,133.50,125.50,128.00,-5.00,-3.7594,134.2000,141.5500,137.2000,137.9750,136.8792,1514.0000,2225.7000,0,0,0,25.1295,36.5015,8.3333,24.6408,40.5253,239,187,24.6408,40.5253,-7.1283,0,0,0,-2.5117,-0.8397,0.4162,0,0,0,
2021/08/17,126.50,128.50,122.00,125.00,-3.00,-2.3438,131.3000,139.1000,136.7000,137.9667,136.7417,1302.0000,2100.1000,0,0,0,21.6067,33.8016,8.9552,19.4122,33.4876,212,196,19.4122,33.4876,-8.7385,0,0,0,-3.4856,-1.7623,-0.0195,0,0,0,
2021/08/18,122.50,128.50,118.00,128.00,3.00,2.40,130.0000,136.7000,136.4750,137.9583,136.6500,1519.0000,1901.5000,0,0,0,32.8952,38.7444,29.4118,22.7454,29.9069,217,185,22.7454,29.9069,8.4225,0,0,0,-3.5301,-2.2258,-0.4608,0,0,0,
2021/08/19,126.50,126.50,121.50,123.00,-5.00,-3.9063,127.4000,134.0000,136.0500,137.9167,136.5292,1312.0000,1739.3000,0,0,0,25.5398,34.1133,14.7059,20.0656,26.6264,207,194,20.0656,26.6264,6.9438,0,0,0,-4.0027,-2.9625,-0.9611,0,0,0,
2021/08/20,123.00,124.00,121.00,123.50,0.50,0.4065,125.5000,131.4000,135.5250,137.8833,136.4500,1434.0000,1645.1000,0,0,0,27.4855,34.9614,19.6429,19.9247,24.3925,122,199,19.9247,24.3925,10.9890,0,0,0,-4.0077,-3.4659,-1.4621,0,0,0,
2021/08/23,124.00,135.50,124.00,132.00,8.50,6.8826,126.3000,130.2500,135.4500,137.9583,136.4542,1637.0000,1596.4000,0,0,0,52.6998,47.4949,58.3333,32.7276,27.1709,203,192,32.7276,27.1709,43.8409,0,0,0,-2.6892,-3.1428,-1.7982,0,0,0,
2021/08/24,132.00,136.00,130.00,132.50,0.50,0.3788,127.8000,129.5500,135.5500,138.0083,136.4750,1831.0000,1583.8000,0,0,0,53.8329,48.1362,60.4167,41.9573,32.0997,194,188,41.9573,32.0997,61.6725,0,0,0,-1.6252,-2.8140,-2.0014,0,0,0,
2021/08/25,132.50,133.50,131.00,133.50,1.00,0.7547,128.9000,129.4500,135.9000,137.9333,136.5042,1939.0000,1609.1000,0,0,0,56.3430,49.4826,64.5833,49.4993,37.8995,108,166,49.4993,37.8995,72.6988,0,0,0,-0.7090,-2.4445,-2.0900,0,0,0,
2021/08/26,133.00,133.50,130.00,131.50,-2.00,-1.4981,130.6000,129.0000,136.1500,137.9000,136.5250,1868.0000,1610.9000,0,0,0,49.8396,46.8302,75.0000,57.9995,44.5995,71,139,57.9995,44.5995,84.7995,0,0,0,-0.3147,-2.2867,-2.1294,0,0,0,
2021/08/27,130.50,133.50,128.00,132.00,0.50,0.3802,132.3000,128.9000,136.1250,137.8583,136.5333,1992.0000,1634.8000,0,0,0,51.5184,47.5963,77.7778,64.5923,51.2638,124,140,64.5923,51.2638,91.2493,0,0,0,0.0515,-2.0972,-2.1229,0,0,0,
2021/08/30,132.00,133.50,130.00,132.50,0.50,0.3788,132.4000,129.3500,135.4500,137.8250,136.5417,2154.0000,1698.8000,0,0,0,53.3904,48.4072,80.5556,69.9134,57.4803,162,131,69.9134,57.4803,94.7795,0,0,0,0.3809,-1.8849,-2.0753,0,0,0,
2021/08/31,132.50,132.50,127.00,132.00,-0.50,-0.3774,132.3000,130.0500,134.5750,137.7667,136.5375,2043.0000,1772.9000,0,0,0,51.0261,47.6036,73.3333,71.0534,62.0047,111,115,71.0534,62.0047,89.1508,0,0,0,0.5414,-1.7369,-2.0076,0,0,0,
2021/09/01,132.00,159.00,128.50,157.50,25.50,19.3182,137.1000,133.0000,134.8500,138.1250,136.7500,3890.0000,2010.0000,0,0,0,86.7997,72.7620,96.0526,79.3864,67.7986,1847,463,79.3864,67.7986,102.5622,0,0,0,3.9050,0.4330,-1.5195,0,0,0,
2021/09/02,158.00,175.50,147.50,171.00,13.50,8.5714,145.0000,137.8000,135.9000,138.7000,137.1083,6378.0000,2516.6000,0,0,0,90.9838,78.6755,91.2621,83.3450,72.9807,2488,946,83.3450,72.9807,104.0736,0,0,0,7.5592,3.2050,-0.5746,0,0,0,
2021/09/03,167.00,172.00,158.00,169.50,-1.50,-0.8772,152.5000,142.4000,136.9000,139.2333,137.4875,5257.0000,2898.9000,0,0,0,87.2945,76.6582,87.6289,84.7730,76.9115,1121,1145,84.7730,76.9115,100.4959,0,0,0,9.2724,5.2206,0.5844,0,0,0,
2021/09/06,169.50,173.00,160.00,160.50,-9.00,-5.3097,158.1000,145.2500,137.7500,139.6167,137.7667,4614.0000,3196.6000,0,0,0,67.5680,65.6415,69.0722,79.5394,77.7874,643,1242,79.5394,77.7874,83.0432,0,0,0,8.7008,6.0224,1.6720,0,0,0,
2021/09/07,160.50,165.00,147.00,154.50,-6.00,-3.7383,162.6000,147.4500,138.5000,139.8250,138.0042,3573.0000,3370.8000,0,0,0,57.2232,59.4300,56.7010,71.9266,75.8338,1041,1428,71.9266,75.8338,64.1121,0,0,0,7.0900,6.1033,2.5583,0,0,0,
2021/09/08,154.00,160.50,148.50,155.00,0.50,0.3236,162.1000,149.6000,139.5250,140.0750,138.2292,4134.0000,3590.3000,0,0,0,57.8682,59.7760,57.7320,67.1950,72.9542,561,1170,67.1950,72.9542,55.6767,0,0,0,5.7260,6.1370,3.2740,0,0,0,
2021/09/09,154.50,157.00,149.00,154.50,-0.50,-0.3226,158.8000,151.9000,140.4500,140.3000,138.4458,3897.0000,3793.2000,0,0,0,56.8397,59.2250,56.7010,63.6970,69.8685,237,720,63.6970,69.8685,51.3541,0,0,0,4.4473,6.0536,3.8300,0,0,0,
2021/09/10,155.50,166.50,149.50,166.50,12.00,7.767,158.2000,155.3500,142.1250,140.7167,138.7542,4662.0000,4060.2000,0,0,0,71.4526,67.1530,81.4433,69.6125,69.7832,765,649,69.6125,69.7832,69.2711,0,0,0,4.8746,6.8765,4.4393,0,0,0,
2021/09/13,166.00,189.00,165.00,188.50,22.00,13.2132,163.8000,160.9500,145.1500,141.5500,139.2250,7029.0000,4547.7000,0,0,0,83.6391,76.3498,99.1736,79.4662,73.0108,2367,994,79.4662,73.0108,92.3768,0,0,0,7.6138,9.1979,5.3910,0,0,0,
2021/09/14,185.00,195.50,177.00,191.00,2.50,1.3263,171.1000,166.8500,148.4500,142.3917,139.6875,8732.0000,5216.6000,0,0,0,84.5392,77.1432,90.7216,83.2180,76.4132,1703,1126,83.2180,76.4132,96.8275,0,0,0,9.1524,11.1113,6.5351,0,0,0,
2021/09/15,187.00,191.50,178.50,186.00,-5.00,-2.6178,177.3000,169.7000,151.3500,143.1167,140.1417,6997.0000,5527.3000,0,0,0,74.6797,71.8822,80.4124,82.2828,78.3697,1735,1361,82.2828,78.3697,90.1089,0,0,0,8.8797,12.0848,7.6450,0,0,0,
2021/09/16,183.00,191.00,183.00,186.00,0.00,0.00,183.6000,171.2000,154.5000,143.6833,140.5792,6997.0000,5589.2000,0,0,0,74.6797,71.8822,80.4124,81.6593,79.4663,1236,1561,81.6593,79.4663,86.0454,0,0,0,8.1038,12.7099,8.6580,0,0,0,
2021/09/17,185.00,193.00,183.00,191.00,5.00,2.6882,188.5000,173.3500,157.8750,144.4083,140.9958,7760.0000,5839.5000,0,0,0,78.3206,73.9929,90.7216,84.6801,81.2042,763,1560,84.6801,81.2042,91.6319,0,0,0,7.6730,13.4536,9.6171,0,0,0,
2021/09/22,186.00,213.50,180.00,202.00,11.00,5.7592,191.2000,177.5000,161.3750,145.3583,141.5167,9306.0000,6308.7000,0,0,0,84.2859,77.9632,82.3077,83.8893,82.0992,1546,1396,83.8893,82.0992,87.4694,0,0,0,8.2294,14.7605,10.6458,0,0,0,
2021/09/23,204.00,212.00,200.00,207.50,5.50,2.7228,194.5000,182.8000,165.1250,146.4333,142.0667,10188.0000,6970.2000,0,0,0,86.5126,79.6571,90.6977,86.1588,83.4524,882,1232,86.1588,83.4524,91.5714,0,0,0,8.6546,16.0549,11.7276,0,0,0,
2021/09/24,208.00,228.00,206.00,227.50,20.00,9.6386,202.8000,190.0500,169.8250,147.8250,142.5292,11237.0000,7680.5000,0,0,0,91.6658,84.4108,99.3631,90.5602,85.8217,1049,1095,90.5602,85.8217,100.0372,0,0,0,10.8063,18.4816,13.0784,0,0,0,
2021/09/27,228.00,246.00,228.00,240.50,13.00,5.7143,213.7000,198.6500,175.2750,149.4917,143.1792,12388.0000,8529.6000,0,0,0,93.5793,86.6267,93.2099,91.4434,87.6956,1151,1078,91.4434,87.6956,98.9391,0,0,0,13.0093,21.2092,14.7046,0,0,0,
2021/09/28,240.00,250.50,229.50,237.00,-3.50,-1.4553,222.9000,205.7000,180.5250,151.1083,143.7875,11409.0000,9204.3000,0,0,0,87.1172,83.1551,81.6327,88.1732,87.8548,979,1121,88.1732,87.8548,88.8099,0,0,0,12.9932,22.8253,16.3287,0,0,0,
2021/09/29,233.00,235.00,219.50,227.50,-9.50,-4.0084,228.0000,209.6000,185.2750,152.4333,144.1500,9896.0000,9491.0000,0,0,0,71.1206,74.3341,68.0556,81.4673,85.7256,1513,1114,81.4673,85.7256,72.9506,0,0,0,10.7918,23.0736,17.6777,0,0,0,
2021/09/30,228.00,232.00,215.50,220.50,-7.00,-3.0769,230.6000,212.5500,189.7000,153.7000,144.5708,9102.0000,9528.0000,0,0,0,61.1863,68.4938,57.4468,73.4605,81.6372,794,1097,73.4605,81.6372,57.1069,0,0,0,7.6305,22.4467,18.6315,0,0,0,
2021/10/01,219.00,260.00,201.00,212.50,-8.00,-3.6281,227.6000,215.2000,192.4500,154.8583,145.0083,8293.0000,9657.6000,0,0,0,51.3496,62.3830,40.6250,62.5153,75.2633,809,1049,62.5153,75.2633,37.0194,0,0,0,3.8882,21.0616,19.1175,0,0,0,
2021/10/04,206.50,206.50,182.00,184.00,-28.50,-13.4118,216.3000,215.0000,193.1000,155.5833,145.2917,6912.0000,9649.1000,0,0,0,30.4334,46.3218,5.0000,43.3435,64.6234,1381,1095,43.3435,64.6234,0.7839,0,0,0,-2.6474,17.4629,18.7866,0,0,0,
2021/10/05,182.00,196.00,175.00,195.00,11.00,5.9783,207.9000,215.4000,194.3750,156.5333,145.6625,7675.0000,9640.6000,0,0,0,41.4747,51.5717,23.5294,36.7388,55.3285,763,1052,36.7388,55.3285,-0.4405,0,0,0,-5.5436,15.3219,18.0937,0,0,0,
2021/10/06,195.00,201.00,184.50,189.00,-6.00,-3.0769,200.2000,214.1000,195.8000,157.3667,145.9625,7268.0000,9436.8000,0,0,0,37.5715,48.7355,16.4706,29.9827,46.8799,407,830,29.9827,46.8799,-3.8116,0,0,0,-8.1639,12.9912,17.0732,0,0,0,
2021/10/07,190.00,202.50,188.00,197.50,8.50,4.4974,195.6000,213.1000,197.9500,158.3583,146.3417,7953.0000,9213.3000,0,0,0,46.1817,52.7513,26.4706,28.8120,40.8573,685,809,28.8120,40.8573,4.7215,0,0,0,-8.6048,11.6952,15.9976,0,0,0,
2021/10/08,198.50,220.50,196.50,214.00,16.50,8.3544,195.9000,211.7500,200.9000,159.6000,146.9042,8758.0000,8965.4000,0,0,0,59.2679,59.4740,45.8824,34.5021,38.7389,805,808,34.5021,38.7389,26.0286,0,0,0,-6.6157,11.8627,15.1706,0,0,0,
2021/10/12,212.00,216.00,201.00,201.00,-13.00,-6.0748,199.3000,207.8000,203.2250,160.5917,147.3667,8178.0000,8544.4000,0,0,0,48.1895,52.9933,30.5882,33.1975,36.8918,580,648,33.1975,36.8918,25.8090,0,0,0,-6.9581,10.8218,14.3008,0,0,0,
2021/10/13,202.00,205.50,189.50,193.50,-7.50,-3.7313,199.0000,203.4500,204.5750,161.4833,147.7917,7719.0000,8175.4000,0,0,0,42.6680,49.5922,21.7647,29.3866,34.3900,459,587,29.3866,34.3900,19.3796,0,0,0,-8.0259,9.2846,13.2976,0,0,0,
2021/10/14,195.00,197.00,185.00,190.50,-3.00,-1.5504,199.3000,199.7500,204.6750,162.3417,148.2542,7296.0000,7915.4000,0,0,0,40.4437,48.2412,18.2353,25.6695,31.4832,423,590,25.6695,31.4832,14.0421,0,0,0,-8.8999,7.7352,12.1851,0,0,0,
2021/10/15,194.00,197.00,191.00,194.50,4.00,2.0997,198.7000,197.1500,204.8500,163.3333,148.7125,7543.0000,7759.5000,0,0,0,45.0288,50.2140,42.8571,31.3987,31.4550,247,502,31.3987,31.4550,31.2861,0,0,0,-8.6928,6.7521,11.0985,0,0,0,
2021/10/18,192.50,198.00,190.50,193.00,-1.50,-0.7712,194.5000,195.2000,205.2000,164.3417,149.1542,7312.0000,7661.4000,0,0,0,43.5210,49.4430,39.5604,34.1193,32.3431,231,388,34.1193,32.3431,37.6716,0,0,0,-8.5011,5.7854,10.0359,0,0,0,
2021/10/19,191.50,196.50,191.50,194.50,1.50,0.7772,193.2000,196.2500,205.6250,165.3917,149.5958,7584.0000,7728.6000,0,0,0,45.7028,50.2759,27.7778,32.0054,32.2306,272,326,32.0054,32.2306,31.5552,0,0,0,-7.9268,5.0816,9.0450,0,0,0,
2021/10/20,197.00,209.50,197.00,200.50,6.00,3.0848,194.6000,196.8000,206.1000,166.5000,150.1125,7944.0000,7755.5000,0,0,0,54.1958,53.6105,43.6620,35.8910,33.4507,360,306,35.8910,33.4507,40.7715,0,0,0,-6.5504,4.9510,8.2262,0,0,0,
2021/10/21,200.50,201.00,194.00,198.00,-2.50,-1.2469,196.1000,197.7000,205.9000,167.5750,150.6333,7762.0000,7804.9000,0,0,0,50.2647,52.0246,36.6197,36.1339,34.3451,182,258,36.1339,34.3451,39.7115,0,0,0,-5.8135,4.5928,7.4996,0,0,0,
2021/10/22,199.50,221.00,199.50,218.00,20.00,10.101,200.8000,199.7500,206.4250,169.0333,151.3750,8602.0000,7869.8000,0,0,0,70.6808,61.8686,91.6667,54.6448,41.1117,840,377,54.6448,41.1117,81.7111,0,0,0,-2.6308,5.8553,7.1707,0,0,0,
2021/10/25,218.00,224.00,209.00,223.00,5.00,2.2936,206.8000,200.6500,206.2000,170.6417,152.1542,9179.0000,7911.9000,0,0,0,73.8956,63.8894,97.4359,68.9085,50.3773,577,446,68.9085,50.3773,105.9710,0,0,0,0.0093,7.1765,7.1719,0,0,0,
2021/10/26,223.00,226.00,213.00,219.50,-3.50,-1.5695,211.8000,202.5000,205.1500,172.1917,152.9042,8616.0000,7955.7000,0,0,0,67.6636,61.4044,84.1463,73.9878,58.2474,563,504,73.9878,58.2474,105.4685,0,0,0,1.0861,7.8507,7.3076,0,0,0,
2021/10/27,220.00,243.50,215.00,241.50,22.00,10.0228,220.0000,207.3000,205.3750,174.0083,153.8625,9886.0000,8172.4000,0,0,0,80.2360,69.5308,96.2264,81.4007,65.9652,1270,686,81.4007,65.9652,112.2716,0,0,0,4.3789,10.0444,7.8550,0,0,0,
2021/10/28,241.00,249.00,230.00,241.00,-0.50,-0.207,228.6000,212.3500,206.0500,175.5917,154.7833,8867.0000,8329.5000,0,0,0,79.3941,69.1697,86.3248,83.0420,71.6575,1019,853,83.0420,71.6575,105.8112,0,0,0,6.0061,11.6088,8.6058,0,0,0,
2021/10/29,243.00,255.00,239.50,246.50,5.50,2.2822,234.3000,217.5500,207.3500,177.2083,155.7958,9881.0000,8563.3000,0,0,0,81.9009,70.9783,86.6142,84.2327,75.8492,1014,888,84.2327,75.8492,100.9998,0,0,0,7.2562,13.1409,9.5128,0,0,0,
2021/11/01,249.00,253.00,229.00,240.00,-6.50,-2.6369,237.7000,222.2500,208.7250,178.6750,156.8833,9237.0000,8755.8000,0,0,0,69.8501,65.9876,75.4098,81.2918,77.6634,644,902,81.2918,77.6634,88.5485,0,0,0,6.6563,13.6730,10.3448,0,0,0,
2021/11/02,241.50,243.50,219.50,226.00,-14.00,-5.8333,239.0000,225.4000,210.8250,179.9417,157.8667,8495.0000,8846.9000,0,0,0,50.6051,56.6314,52.4590,71.6809,75.6692,742,937,71.6809,75.6692,63.7041,0,0,0,3.9559,12.8172,10.8393,0,0,0,
2021/11/03,227.00,241.00,224.00,236.00,10.00,4.4248,237.9000,228.9500,212.8750,181.3833,158.8958,8901.0000,8942.6000,0,0,0,60.0416,60.9462,65.7658,69.7092,73.6825,406,765,69.7092,73.6825,61.7624,0,0,0,3.1346,12.7984,11.2311,0,0,0,
2021/11/04,237.00,274.00,234.50,257.50,21.50,9.1102,241.2000,234.9000,216.3000,183.2833,160.0917,10185.0000,9184.9000,0,0,0,73.2342,68.3352,74.6154,71.3446,72.9032,1284,818,71.3446,72.9032,68.2273,0,0,0,4.9949,14.3530,11.8555,0,0,0,
2021/11/05,260.00,264.00,246.00,257.00,-0.50,-0.1942,243.3000,238.8000,219.2750,185.2417,161.3333,9698.0000,9294.5000,0,0,0,72.5656,68.0088,72.1311,71.6068,72.4711,487,712,71.6068,72.4711,69.8782,0,0,0,5.6191,15.3674,12.5579,0,0,0,
2021/11/08,258.50,260.00,250.00,255.00,-2.00,-0.7782,246.3000,242.0000,221.3250,187.2500,162.4167,9252.0000,9301.8000,0,0,0,69.5191,66.6201,67.7966,70.3367,71.7596,446,673,70.3367,71.7596,67.4909,0,0,0,5.2315,15.8276,13.2118,0,0,0,
2021/11/09,256.00,279.00,254.00,271.50,16.50,6.4706,255.4000,247.2000,224.8500,189.5083,163.6292,10017.0000,9441.9000,0,0,0,78.4683,71.8022,87.3950,76.0228,73.1807,765,677,76.0228,73.1807,81.7070,0,0,0,6.5794,17.3240,14.0343,0,0,0,
2021/11/10,274.00,287.50,268.50,284.50,13.00,4.7882,265.1000,251.5000,229.4000,192.0333,164.9833,10568.0000,9510.1000,0,0,0,83.1465,75.1219,95.5882,82.5446,76.3020,551,706,82.5446,76.3020,95.0299,0,0,0,8.4827,19.3360,15.0946,0,0,0,
2021/11/11,283.00,311.50,277.00,304.00,19.50,6.8541,274.4000,257.8000,235.0750,194.9667,166.4708,11724.0000,9795.8000,0,0,0,87.8847,79.1404,91.8478,85.6457,79.4165,1156,681,85.6457,79.4165,98.1039,0,0,0,11.4447,22.2475,16.5252,0,0,0,
2021/11/12,304.00,346.50,301.00,341.00,37.00,12.1711,291.2000,267.2500,242.4000,198.5667,168.2667,12606.0000,10068.3000,0,0,0,92.6132,84.3672,95.6693,88.9869,82.6067,882,760,88.9869,82.6067,101.7473,0,0,0,17.1224,27.2267,18.6655,0,0,0,
2021/11/15,342.00,361.50,340.00,352.00,11.00,3.2258,310.6000,278.4500,250.3500,202.3000,170.1292,13582.0000,10502.8000,0,0,0,93.5160,85.5421,93.0909,90.3549,85.1894,976,866,90.3549,85.1894,100.6859,0,0,0,20.8471,31.6949,21.2714,0,0,0,
2021/11/16,358.00,359.00,305.50,324.00,-28.00,-7.9545,321.1000,288.2500,256.8250,205.6500,171.7833,12451.0000,10898.4000,0,0,0,68.0943,70.7717,70.4724,83.7274,84.7021,1131,939,83.7274,84.7021,81.7781,0,0,0,18.1273,32.6009,23.5373,0,0,0,
2021/11/17,318.00,332.00,307.50,322.00,-2.00,-0.6173,328.6000,296.8500,262.9000,208.9583,173.4208,11466.0000,11154.9000,0,0,0,66.5438,69.8322,65.8009,77.7519,82.3853,985,1026,77.7519,82.3853,68.4850,0,0,0,14.7878,32.7796,25.3857,0,0,0,
2021/11/18,321.50,331.50,302.50,314.50,-7.50,-2.3292,330.7000,302.5500,268.7250,212.0000,174.9792,10795.0000,11215.9000,0,0,0,60.3590,66.2349,57.8475,71.1171,78.6293,671,929,71.1171,78.6293,56.0928,0,0,0,10.4993,31.9478,26.6982,0,0,0,
2021/11/19,320.00,326.50,306.50,318.00,3.50,1.1129,326.1000,308.6500,273.7250,215.0917,176.5500,11176.0000,11363.7000,0,0,0,62.3202,67.0977,59.5349,67.2564,74.8383,381,828,67.2564,74.8383,52.0925,0,0,0,7.2209,31.2113,27.6008,0,0,0,
2021/11/22,318.00,318.00,304.00,315.50,-2.50,-0.7862,318.8000,314.7000,278.3500,218.1250,178.0292,10790.0000,11517.5000,0,0,0,59.7849,65.7877,50.5376,61.6835,70.4534,386,710,61.6835,70.4534,44.1437,0,0,0,3.9652,30.0790,28.0964,0,0,0,
2021/11/23,315.00,324.00,285.00,293.00,-22.50,-7.1315,312.6000,316.8500,282.0250,220.8167,179.3583,10012.0000,11517.0000,0,0,0,41.5361,55.2054,18.9349,47.4339,62.7802,778,640,47.4339,62.7802,16.7414,0,0,0,-1.6674,27.0543,27.8880,0,0,0,
2021/11/24,290.00,310.50,283.50,306.50,13.50,4.6075,309.5000,319.0500,285.2750,223.7250,180.7917,10641.0000,11524.3000,0,0,0,52.0699,59.4724,29.4872,41.4517,55.6707,629,569,41.4517,55.6707,13.0136,0,0,0,-3.8958,25.4532,27.4010,0,0,0,
2021/11/25,310.00,322.00,298.00,322.00,15.50,5.0571,311.0000,320.8500,289.3250,226.8833,182.3542,11175.0000,11469.4000,0,0,0,61.6019,63.7925,49.3590,44.0874,51.8096,534,541,44.0874,51.8096,28.6431,0,0,0,-3.6095,25.1451,26.9499,0,0,0,
2021/11/26,323.00,328.00,291.50,301.00,-21.00,-6.5217,307.6000,316.8500,292.0500,229.7000,183.7333,10570.0000,11265.8000,0,0,0,46.5507,55.1100,23.1788,37.1179,46.9124,605,586,37.1179,46.9124,17.5289,0,0,0,-6.4127,22.9419,26.1483,0,0,0,
2021/11/29,300.00,301.00,288.00,297.50,-3.50,-1.1628,304.0000,311.4000,294.9250,232.0333,185.0792,10197.0000,10927.3000,0,0,0,44.3819,53.7792,28.8660,34.3673,42.7307,373,583,34.3673,42.7307,17.6404,0,0,0,-8.7569,20.6752,25.0537,0,0,0,
2021/11/30,301.00,312.50,292.00,297.00,-0.50,-0.1681,304.8000,308.7000,298.4750,234.1333,186.4167,9777.0000,10659.9000,0,0,0,44.0303,53.5775,28.1250,32.2865,39.2493,420,512,32.2865,39.2493,18.3610,0,0,0,-10.2879,18.6237,23.7677,0,0,0,
2021/12/01,295.50,298.00,290.00,298.00,1.00,0.3367,303.1000,306.3000,301.5750,236.2750,187.7542,9995.0000,10512.8000,0,0,0,45.0747,53.9542,32.5843,32.3858,36.9614,218,430,32.3858,36.9614,23.2344,0,0,0,-11.0138,16.8840,22.3909,0,0,0,
2021/12/02,298.00,314.50,292.50,307.00,9.00,3.0201,300.1000,305.5500,304.0500,238.7167,189.1667,10487.0000,10482.0000,0,0,0,54.2878,57.3518,52.8090,39.1935,37.7055,492,421,39.1935,37.7055,42.1696,0,0,0,-10.1511,16.0465,21.1221,0,0,0,
2021/12/03,308.00,327.00,306.50,322.00,15.00,4.886,304.3000,305.9500,307.3000,241.5083,190.6667,11288.0000,10493.2000,0,0,0,65.7708,62.3965,86.5169,54.9680,43.4596,801,460,54.9680,43.4596,77.9846,0,0,0,-7.5488,16.4041,20.1785,0,0,0,
2021/12/06,323.00,324.00,310.50,315.00,-7.00,-2.1739,307.8000,305.9000,310.3000,244.1750,192.1250,10769.0000,10491.1000,0,0,0,57.6596,58.8525,70.7865,60.2408,49.0534,519,490,60.2408,49.0534,82.6157,0,0,0,-6.7833,15.9389,19.3305,0,0,0,
2021/12/07,317.00,318.00,297.50,307.00,-8.00,-2.5397,309.8000,307.3000,312.0750,246.7167,193.5083,10344.0000,10524.3000,0,0,0,49.3183,54.9605,47.5000,55.9939,51.3669,425,491,55.9939,51.3669,65.2479,0,0,0,-7.3215,14.7546,18.4154,0,0,0,
2021/12/08,310.00,310.00,301.50,304.50,-2.50,-0.8143,311.1000,307.1000,313.0750,249.0167,194.8667,9957.0000,10455.9000,0,0,0,46.7805,53.7487,41.2500,51.0792,51.2710,387,524,51.0792,51.2710,50.6958,0,0,0,-7.9299,13.4591,17.4241,0,0,0,
2021/12/09,306.00,309.50,294.00,299.00,-5.50,-1.8062,309.5000,304.8000,312.8250,250.8583,196.2042,9516.0000,10290.0000,0,0,0,41.1856,51.0476,28.2051,43.4545,48.6655,441,514,43.4545,48.6655,33.0326,0,0,0,-8.9153,11.8521,16.3097,0,0,0,
2021/12/10,298.50,298.50,288.00,290.00,-9.00,-3.01,303.1000,303.7000,310.2750,252.5083,197.4500,9014.0000,10134.4000,0,0,0,33.3526,46.8450,5.1282,30.6791,42.6700,502,454,30.6791,42.6700,6.6972,0,0,0,-10.5116,9.7400,14.9958,0,0,0,
2021/12/13,291.00,291.00,263.50,273.00,-17.00,-5.8621,294.7000,301.2500,306.3250,253.9583,198.5375,7836.0000,9898.3000,0,0,0,23.3058,40.0508,14.9606,25.4396,36.9266,1178,586,25.4396,36.9266,2.4657,0,0,0,-13.4043,6.6180,13.3202,0,0,0,
2021/12/14,273.00,273.00,252.00,272.00,-1.00,-0.3663,287.7000,298.7500,303.7250,255.3917,199.5375,6978.0000,9618.4000,0,0,0,22.8205,39.6814,26.6667,25.8486,33.2339,858,673,25.8486,33.2339,11.0780,0,0,0,-14.8853,4.0169,11.4595,0,0,0,
2021/12/15,271.00,289.50,270.00,282.00,10.00,3.6765,283.2000,297.1500,301.7250,256.9083,200.6583,7551.0000,9374.0000,0,0,0,38.2489,45.1947,40.0000,30.5658,32.3445,573,710,30.5658,32.3445,27.0082,0,0,0,-13.9658,2.7309,9.7138,0,0,0,
2021/12/16,284.00,294.50,279.50,281.50,-0.50,-0.1773,279.7000,294.6000,300.0750,258.2333,201.7958,7207.0000,9046.0000,0,0,0,37.7956,44.9705,40.9722,34.0346,32.9079,344,691,34.0346,32.9079,36.2880,0,0,0,-12.8983,1.6524,8.1015,0,0,0,
2021/12/17,281.50,286.00,273.00,280.50,-1.00,-0.3552,277.8000,290.4500,298.2000,259.4500,202.9417,7080.0000,8625.2000,0,0,0,36.7502,44.4889,43.1818,37.0837,34.2998,127,616,37.0837,34.2998,42.6514,0,0,0,-11.8284,0.7088,6.6230,0,0,0,
2021/12/20,280.50,284.50,275.50,279.50,-1.00,-0.3565,279.1000,286.9000,296.4000,260.3167,204.0708,6970.0000,8245.3000,0,0,0,35.5697,43.9753,47.4138,40.5270,36.3755,110,402,40.5270,36.3755,48.8300,0,0,0,-10.7862,-0.1184,5.2747,0,0,0,
2021/12/21,280.00,288.50,280.00,282.50,3.00,1.0733,281.2000,284.4500,295.8750,261.0167,205.2542,7130.0000,7923.9000,0,0,0,42.2484,46.0152,53.0435,44.6992,39.1501,160,262,44.6992,39.1501,55.7974,0,0,0,-9.2808,-0.5258,4.1146,0,0,0,
2021/12/22,284.50,286.00,279.00,281.50,-1.00,-0.354,281.1000,282.1500,294.6250,261.7583,206.4333,7012.0000,7629.4000,0,0,0,40.5664,45.4139,63.4409,50.9464,43.0822,118,171,50.9464,43.0822,66.6748,0,0,0,-8.0533,-0.9187,3.1079,0,0,0,
2021/12/23,285.00,295.00,277.00,287.50,6.00,2.1314,282.3000,281.0000,292.9000,262.7583,207.5958,7323.0000,7410.1000,0,0,0,53.8074,49.7150,82.5581,61.4837,49.2160,311,165,61.4837,49.2160,86.0189,0,0,0,-6.1527,-0.7375,2.3389,0,0,0,
2021/12/24,287.50,293.00,284.00,291.00,3.50,1.2174,284.4000,281.1000,292.4000,263.9333,208.8167,7637.0000,7272.4000,0,0,0,60.0393,52.1160,90.6977,71.2217,56.5512,314,202,71.2217,56.5512,100.5625,0,0,0,-4.2348,-0.3079,1.8095,0,0,0,
2021/12/27,292.00,300.00,291.00,299.50,8.50,2.921,288.4000,283.7500,292.5000,265.3833,210.1208,7949.0000,7283.7000,0,0,0,71.3167,57.4931,98.3333,80.2589,64.4538,312,243,80.2589,64.4538,111.8691,0,0,0,-1.7588,0.7102,1.5896,0,0,0,
2021/12/28,300.00,319.50,298.50,314.50,15.00,5.0083,294.8000,288.0000,293.3750,267.5583,211.5708,8785.0000,7464.4000,0,0,0,82.0463,65.0490,89.2473,83.2550,70.7209,836,378,83.2550,70.7209,108.3234,0,0,0,1.7708,2.6964,1.8110,0,0,0,
2021/12/29,318.00,331.00,307.00,329.00,14.50,4.6105,304.3000,292.7000,294.9250,269.7917,213.1625,9598.0000,7669.1000,0,0,0,87.4793,70.5663,96.5517,87.6873,76.3763,813,517,87.6873,76.3763,110.3091,0,0,0,5.7080,5.3785,2.5245,0,0,0,
2021/12/30,329.00,334.50,323.50,333.00,4.00,1.2158,313.4000,297.8500,296.2250,272.1917,214.7792,10218.0000,7970.2000,0,0,0,88.6194,71.9012,97.4576,90.9440,81.2322,620,579,90.9440,81.2322,110.3677,0,0,0,8.3411,7.7377,3.5671,0,0,0,
2022/01/03,333.00,336.00,313.50,322.50,-10.50,-3.1532,319.7000,302.0500,296.2500,274.2750,216.3167,9730.0000,8235.2000,0,0,0,68.8670,63.6366,77.1186,86.3356,82.9334,488,613,86.3356,82.9334,93.1400,0,0,0,8.1489,8.6602,4.5858,0,0,0,
2022/01/04,323.00,330.50,303.00,312.00,-10.50,-3.2558,322.2000,305.3000,296.1000,275.9083,217.7542,9063.0000,8444.5000,0,0,0,54.3343,56.5461,59.3220,77.3311,81.0659,667,684,77.3311,81.0659,69.8614,0,0,0,6.1775,8.4467,5.3579,0,0,0,
2022/01/05,312.00,313.00,298.50,306.00,-6.00,-1.9231,320.5000,307.6500,296.0500,277.6583,219.1250,8715.0000,8603.0000,0,0,0,47.4658,52.8736,49.1525,67.9382,76.6900,348,587,67.9382,76.6900,50.4346,0,0,0,3.7546,7.7045,5.8273,0,0,0,
2022/01/06,300.00,304.50,291.00,296.00,-10.00,-3.268,313.9000,309.1000,295.6250,279.3667,220.4250,8402.0000,8742.0000,0,0,0,37.8871,47.2895,23.0769,52.9845,68.7882,313,487,52.9845,68.7882,21.3770,0,0,0,0.6565,6.2376,5.9093,0,0,0,
2022/01/07,296.00,300.00,275.50,280.00,-16.00,-5.4054,303.3000,308.3500,294.6750,280.8583,221.6000,7863.0000,8796.0000,0,0,0,27.3068,39.9289,7.4380,37.8023,58.4595,539,471,37.8023,58.4595,-3.5122,0,0,0,-3.4697,3.7408,5.4756,0,0,0,
2022/01/10,279.00,282.50,258.00,273.50,-6.50,-2.3214,293.5000,306.6000,293.8500,282.1750,222.7542,7206.0000,8752.9000,0,0,0,24.0348,37.3523,19.8718,31.8255,49.5815,657,504,31.8255,49.5815,-3.6866,0,0,0,-6.8035,1.2235,4.6252,0,0,0,
2022/01/11,273.00,282.00,264.00,270.00,-3.50,-1.2797,285.1000,303.6500,293.7000,283.4583,223.9000,6768.0000,8634.8000,0,0,0,22.3076,35.9881,15.3846,26.3452,41.8361,438,459,26.3452,41.8361,-4.6366,0,0,0,-9.0674,-1.0420,3.4918,0,0,0,
2022/01/12,271.50,272.50,261.00,263.50,-6.50,-2.4074,276.6000,298.5500,293.2750,284.6083,225.0000,6501.0000,8406.4000,0,0,0,19.2282,33.5087,7.0513,19.9139,34.5287,267,442,19.9139,34.5287,-9.3157,0,0,0,-10.9044,-3.3235,2.1287,0,0,0,
2022/01/13,263.00,269.00,260.00,260.00,-3.50,-1.3283,269.4000,291.6500,292.1750,285.6000,226.0500,6288.0000,8075.4000,0,0,0,17.6536,32.2054,2.5641,14.1306,27.7293,213,422,14.1306,27.7293,-13.0668,0,0,0,-11.9697,-5.3523,0.6325,0,0,0,
2022/01/14,260.00,267.50,248.50,256.50,-3.50,-1.3462,264.7000,284.0000,290.9250,286.5750,227.0750,5481.0000,7601.7000,0,0,0,16.0740,30.8945,9.7561,12.6724,22.7104,807,476,12.6724,22.7104,-7.4034,0,0,0,-12.4682,-7.1601,-0.9260,0,0,0,
2022/01/17,260.00,285.50,253.50,284.50,28.00,10.9162,266.9000,280.2000,291.1250,287.6833,228.3583,5926.0000,7221.3000,0,0,0,54.8538,49.0084,55.8140,27.0530,24.1579,445,434,27.0530,24.1579,32.8431,0,0,0,-8.5363,-6.2612,-1.9931,0,0,0,
2022/01/18,284.50,288.00,275.50,280.00,-4.50,-1.5817,268.9000,277.0000,291.1500,288.6333,229.6375,5428.0000,6857.8000,0,0,0,50.3655,46.8552,56.2500,36.7853,28.3670,498,446,36.7853,28.3670,53.6218,0,0,0,-6.1625,-5.8446,-2.7634,0,0,0,
2022/01/19,276.00,281.00,272.00,279.00,-1.00,-0.3571,272.0000,274.3000,290.9750,289.6250,230.9083,5184.0000,6504.7000,0,0,0,49.2900,46.3614,59.2233,44.2646,33.6662,244,441,44.2646,33.6662,65.4614,0,0,0,-4.4288,-5.5314,-3.3170,0,0,0,
2022/01/20,280.00,302.50,276.00,302.00,23.00,8.2437,280.4000,274.9000,292.0000,290.6333,232.3208,5846.0000,6249.1000,0,0,0,68.0940,57.5790,99.0741,62.5344,43.2890,662,531,62.5344,43.2890,101.0254,0,0,0,-0.1139,-3.3881,-3.3312,0,0,0,
2022/01/21,300.00,301.50,280.00,283.50,-18.50,-6.1258,285.8000,275.2500,291.8000,291.3417,233.4667,5270.0000,5989.8000,0,0,0,50.1460,48.6511,64.8148,63.2946,49.9575,576,485,63.2946,49.9575,89.9687,0,0,0,0.2961,-3.1462,-3.2942,0,0,0,
2022/01/24,280.00,285.50,269.00,280.50,-3.00,-1.0582,285.0000,275.9500,291.2750,291.9083,234.5583,4865.0000,5755.7000,0,0,0,47.6994,47.3522,59.2593,61.9495,53.9548,405,477,61.9495,53.9548,77.9388,0,0,0,0.2147,-3.1600,-3.2674,0,0,0,
2022/01/25,280.00,281.00,262.00,268.50,-12.00,-4.2781,282.7000,275.8000,289.7250,292.3833,235.5292,4508.0000,5529.7000,0,0,0,38.6486,42.4114,37.0370,53.6453,53.8517,357,448,53.6453,53.8517,53.2327,0,0,0,-1.3197,-4.0922,-3.4323,0,0,0,
2022/01/26,267.00,272.50,262.00,266.00,-2.50,-0.9311,280.1000,276.0500,287.3000,293.0500,236.4958,4283.0000,5307.9000,0,0,0,36.8982,41.4289,32.4074,46.5660,51.4231,225,445,46.5660,51.4231,36.8518,0,0,0,-2.4687,-4.9752,-3.7409,0,0,0,
2022/02/07,270.00,273.00,256.00,260.00,-6.00,-2.2556,271.7000,276.0500,283.8500,293.4500,237.4167,4038.0000,5082.9000,0,0,0,32.6408,39.0600,13.2653,35.4658,46.1040,245,361,35.4658,46.1040,14.1893,0,0,0,-3.7570,-6.0891,-4.2105,0,0,0,
2022/02/08,263.00,268.50,258.50,263.50,3.50,1.3462,267.7000,276.7500,280.3750,293.5500,238.4167,4228.0000,4957.6000,0,0,0,37.6747,41.1996,16.1290,29.0202,40.4094,190,284,29.0202,40.4094,6.2418,0,0,0,-3.8441,-6.6131,-4.6911,0,0,0,
2022/02/09,263.50,273.00,261.50,272.50,9.00,3.4156,266.1000,275.5500,277.8750,293.8083,239.5250,4407.0000,4805.7000,0,0,0,49.3537,46.4717,35.4839,31.1748,37.3312,179,239,31.1748,37.3312,18.8619,0,0,0,-2.4629,-6.2304,-4.9989,0,0,0,
2022/02/10,268.00,274.00,266.00,269.50,-3.00,-1.1009,266.3000,274.5000,275.7500,294.0500,240.6500,4290.0000,4691.9000,0,0,0,45.9123,45.0044,29.0323,30.4606,35.0410,117,191,30.4606,35.0410,21.2998,0,0,0,-1.7599,-6.0988,-5.2189,0,0,0,
2022/02/11,267.00,271.00,263.00,270.00,0.50,0.1855,267.1000,273.6000,273.9500,294.0250,241.7667,4445.0000,4618.0000,0,0,0,46.6563,45.3183,30.7692,30.5635,33.5485,155,177,30.5635,33.5485,24.5934,0,0,0,-1.0680,-5.8864,-5.3524,0,0,0,
2022/02/14,266.00,270.50,256.50,257.50,-12.50,-4.6296,266.6000,269.1500,272.0250,293.5750,242.8042,4229.0000,4456.3000,0,0,0,33.0282,39.2137,5.0847,22.0706,29.7225,216,171,22.0706,29.7225,6.7667,0,0,0,-2.0762,-6.6500,-5.6119,0,0,0,
2022/02/15,257.50,265.50,257.50,262.50,5.00,1.9417,266.4000,267.0500,271.1500,292.8833,243.9250,4385.0000,4367.8000,0,0,0,41.2634,42.5884,26.0000,23.3804,27.6085,156,164,23.3804,27.6085,14.9242,0,0,0,-1.8588,-6.7736,-5.8443,0,0,0,
2022/02/16,263.00,270.00,263.00,264.50,2.00,0.7619,264.8000,265.4500,270.7000,291.6083,245.0875,4528.0000,4334.1000,0,0,0,44.5370,43.9463,47.2222,31.3277,28.8482,143,157,31.3277,28.8482,36.2866,0,0,0,-1.2632,-6.6338,-6.0022,0,0,0,
2022/02/17,267.00,267.50,256.50,258.00,-6.50,-2.4575,262.5000,264.4000,270.1000,290.0417,246.1708,4326.0000,4315.9000,0,0,0,36.5849,40.5462,11.1111,24.5888,27.4284,202,174,24.5888,27.4284,18.9096,0,0,0,-1.5439,-6.9671,-6.1952,0,0,0,
2022/02/18,258.50,264.00,253.50,263.00,5.00,1.938,261.1000,264.1000,270.0750,289.0250,247.3375,4436.0000,4331.2000,0,0,0,45.5578,44.1710,46.3415,31.8397,28.8988,110,165,31.8397,28.8988,37.7214,0,0,0,-0.8878,-6.7500,-6.3061,0,0,0,
2022/02/21,261.00,262.00,258.00,260.50,-2.50,-0.9506,261.7000,264.1500,270.1000,288.0000,248.4792,4350.0000,4362.4000,0,0,0,41.9928,42.7493,34.1463,32.6086,30.1354,86,139,32.6086,30.1354,37.5549,0,0,0,-0.6341,-6.7024,-6.3854,0,0,0,
2022/02/22,261.00,261.00,254.00,258.50,-2.00,-0.7678,260.9000,263.6500,270.2000,287.0667,249.5333,4221.0000,4361.7000,0,0,0,39.0585,41.5813,24.3902,29.8691,30.0467,129,134,29.8691,30.0467,29.5141,0,0,0,-0.5807,-6.7483,-6.4580,0,0,0,
2022/02/23,260.00,263.50,257.00,259.50,1.00,0.3868,259.9000,262.3500,268.9500,286.0917,250.5917,4307.0000,4351.7000,0,0,0,41.5107,42.4391,34.2857,31.3413,30.4782,86,122,31.3413,30.4782,33.0676,0,0,0,-0.2714,-6.6276,-6.4919,0,0,0,
2022/02/24,259.50,259.50,242.50,249.50,-10.00,-3.8536,258.2000,260.3500,267.4250,284.9917,251.5583,3940.0000,4316.7000,0,0,0,27.9938,36.5796,25.0000,29.2276,30.0613,367,155,29.2276,30.0613,27.5600,0,0,0,-1.2213,-7.2552,-6.6445,0,0,0,
2022/02/25,254.50,255.00,246.00,249.00,-0.50,-0.2004,255.4000,258.2500,265.9250,284.2583,252.5375,3801.0000,4252.3000,0,0,0,27.4574,36.3062,23.6364,27.3638,29.1622,139,161,27.3638,29.1622,23.7672,0,0,0,-1.6953,-7.7041,-6.8565,0,0,0,
2022/03/01,250.00,260.50,245.00,260.50,11.50,4.6185,255.4000,258.5500,263.8500,283.4917,253.6083,4021.0000,4231.5000,0,0,0,52.5524,46.3653,65.4545,40.0607,32.7950,220,188,40.0607,32.7950,54.5922,0,0,0,-0.3107,-7.0506,-6.8953,0,0,0,
2022/03/02,259.00,261.50,252.00,261.50,1.00,0.3839,256.0000,258.4500,262.7500,282.4833,254.6833,4138.0000,4206.8000,0,0,0,54.2055,47.1570,76.0000,52.0405,39.2102,117,185,52.0405,39.2102,77.7011,0,0,0,0.8268,-6.3786,-6.7919,0,0,0,
2022/03/03,261.50,273.00,261.00,268.00,6.50,2.4857,257.7000,258.8000,262.1250,281.9333,255.8167,4406.0000,4194.6000,0,0,0,63.9910,52.1637,83.6066,62.5625,46.9943,268,222,62.5625,46.9943,93.6990,0,0,0,2.4499,-5.2608,-6.4857,0,0,0,
2022/03/04,265.00,267.50,258.00,261.50,-6.50,-2.4254,260.1000,259.1500,261.7750,281.3333,256.6833,4293.0000,4191.3000,0,0,0,50.9312,47.2771,62.2951,62.4734,52.1540,113,171,62.4734,52.1540,83.1121,0,0,0,2.6274,-4.8436,-6.1573,0,0,0,
2022/03/07,255.00,258.50,239.00,244.00,-17.50,-6.6922,259.1000,257.2500,260.6750,280.4500,257.2917,3950.0000,4142.7000,0,0,0,30.6933,37.0761,14.7059,46.5509,50.2863,343,212,46.5509,50.2863,39.0801,0,0,0,0.4796,-5.8576,-6.0973,0,0,0,
2022/03/08,239.00,246.00,209.00,218.00,-26.00,-10.6557,250.6000,253.0000,258.5750,279.1167,257.6958,3108.0000,4018.5000,0,0,0,17.9658,27.4695,14.0625,35.7214,45.4313,842,336,35.7214,45.4313,16.3016,0,0,0,-4.0991,-8.6593,-6.6097,0,0,0,
2022/03/09,218.50,234.50,218.50,229.00,11.00,5.0459,244.1000,250.0500,256.8500,277.8167,258.2667,3272.0000,3923.6000,0,0,0,32.2325,35.2167,31.2500,34.2309,41.6979,164,346,34.2309,41.6979,19.2971,0,0,0,-5.2296,-9.8782,-7.2634,0,0,0,
2022/03/10,232.00,242.00,227.00,238.00,9.00,3.9301,238.1000,247.9000,255.1250,276.4167,258.9625,3440.0000,3836.9000,0,0,0,42.1161,40.8554,45.3125,37.9248,40.4402,168,326,37.9248,40.4402,32.8940,0,0,0,-4.3828,-10.0027,-7.8113,0,0,0,
2022/03/11,238.00,238.00,222.00,225.00,-13.00,-5.4622,230.8000,245.4500,252.9000,274.9167,259.5458,3367.0000,3779.6000,0,0,0,33.6176,35.9278,25.0000,33.6165,38.1656,73,318,33.6165,38.1656,24.5183,0,0,0,-5.1392,-11.0232,-8.4537,0,0,0,
2022/03/14,228.00,230.50,202.50,207.00,-18.00,-8.00,223.4000,241.2500,249.7500,273.2500,259.9833,2745.0000,3674.0000,0,0,0,25.1764,30.3911,6.3830,24.5387,33.6233,622,373,24.5387,33.6233,6.3694,0,0,0,-7.4871,-13.1331,-9.3896,0,0,0,
2022/03/15,207.00,209.00,193.50,197.00,-10.00,-4.8309,219.2000,234.9000,246.7250,271.4583,260.2375,2310.0000,3502.9000,0,0,0,21.5663,27.7951,4.4025,17.8266,28.3577,435,292,17.8266,28.3577,-3.2356,0,0,0,-9.6714,-15.4342,-10.5985,0,0,0,
2022/03/16,197.50,205.00,195.00,200.50,3.50,1.7766,213.5000,228.8000,243.6250,269.8167,260.3375,2452.0000,3334.3000,0,0,0,26.0217,30.0757,9.4595,15.0376,23.9177,142,288,15.0376,23.9177,-2.7227,0,0,0,-9.8935,-16.7820,-11.8352,0,0,0,
2022/03/17,203.00,211.50,201.50,208.50,8.00,3.99,207.6000,222.8500,240.8250,268.4583,260.4833,2662.0000,3159.9000,0,0,0,35.9941,35.1806,23.0769,17.7174,21.8509,210,296,17.7174,21.8509,9.4502,0,0,0,-8.2772,-17.0085,-12.8698,0,0,0,
2022/03/18,206.50,206.50,197.50,201.50,-7.00,-3.3573,202.9000,216.8500,238.0000,267.2667,260.6125,2503.0000,2980.9000,0,0,0,31.5311,32.8887,15.2381,16.8909,20.1976,159,313,16.8909,20.1976,10.2776,0,0,0,-7.4891,-17.5505,-13.8060,0,0,0,
2022/03/21,201.00,220.50,200.00,219.00,17.50,8.6849,205.3000,214.3500,235.8000,266.3833,260.8875,2805.0000,2866.4000,0,0,0,50.0946,43.0138,52.5773,28.7864,23.0605,302,249,28.7864,23.0605,40.2381,0,0,0,-4.1171,-16.3792,-14.3206,0,0,0,
2022/03/22,221.00,224.50,216.00,224.50,5.50,2.5114,210.8000,215.0000,234.0000,265.4250,261.1667,2897.0000,2845.3000,0,0,0,54.7242,45.8165,63.9175,40.4968,28.8726,92,181,40.4968,28.8726,63.7451,0,0,0,-0.8247,-14.8360,-14.4237,0,0,0,
2022/03/23,226.50,226.50,214.00,217.00,-7.50,-3.3408,214.1000,213.8000,231.9250,264.3500,261.2917,2735.0000,2791.6000,0,0,0,47.5119,42.6929,52.8090,44.6008,34.1154,162,185,44.6008,34.1154,65.5718,0,0,0,0.5879,-14.0563,-14.3502,0,0,0,
2022/03/24,217.50,218.00,212.50,217.00,0.00,0.00,215.8000,211.7000,229.8000,263.2917,261.3708,2735.0000,2721.1000,0,0,0,47.5119,42.6929,63.5135,50.9051,39.7119,44,151,50.9051,39.7119,73.2914,0,0,0,1.7041,-13.2851,-14.1372,0,0,0,
2022/03/25,217.50,226.00,215.00,221.00,4.00,1.8433,219.7000,211.3000,228.3750,262.3167,261.3167,2932.0000,2677.6000,0,0,0,52.3363,45.0699,83.3333,61.7145,47.0461,197,159,61.7145,47.0461,91.0512,0,0,0,3.0827,-12.2105,-13.7519,0,0,0,
2022/03/28,220.00,221.00,215.50,221.00,0.00,0.00,220.1000,212.7000,226.9750,261.2917,261.1542,2932.0000,2696.3000,0,0,0,52.3363,45.0699,82.5397,68.6562,54.2495,81,115,68.6562,54.2495,97.4697,0,0,0,4.0359,-11.2294,-13.2474,0,0,0,
2022/03/29,221.00,225.50,220.50,224.00,3.00,1.3575,220.0000,215.4000,225.1500,260.3333,261.0458,2978.0000,2763.1000,0,0,0,56.6405,47.0309,91.3793,76.2306,61.5765,46,106,76.2306,61.5765,105.5387,0,0,0,5.0463,-10.0934,-12.6166,0,0,0,
2022/03/30,227.00,235.00,225.00,226.50,2.50,1.1161,221.9000,218.0000,223.4000,259.3167,261.0375,3149.0000,2832.8000,0,0,0,60.2317,48.6959,77.3333,76.5982,66.5837,171,107,76.5982,66.5837,96.6270,0,0,0,5.9642,-8.8890,-11.8710,0,0,0,
2022/03/31,226.00,226.50,218.00,221.00,-5.50,-2.4283,222.7000,219.2500,221.0500,258.1500,261.0417,3048.0000,2871.4000,0,0,0,49.4247,45.2799,60.0000,71.0654,68.0776,101,119,71.0654,68.0776,77.0411,0,0,0,5.7413,-8.2828,-11.1534,0,0,0,
2022/04/01,217.00,222.00,215.00,218.00,-3.00,-1.3575,222.1000,220.9000,218.8750,256.7917,261.0875,2932.0000,2914.3000,0,0,0,44.2303,43.4656,24.4444,55.5251,63.8935,116,103,55.5251,63.8935,38.7884,0,0,0,5.1211,-7.9527,-10.5133,0,0,0,
2022/04/06,216.50,216.50,205.00,210.50,-7.50,-3.4404,220.0000,220.0500,217.2000,255.0583,261.3083,2769.0000,2910.7000,0,0,0,33.6277,39.1836,18.3333,43.1279,56.9716,163,119,43.1279,56.9716,15.4404,0,0,0,3.6983,-8.2018,-10.0510,0,0,0,
2022/04/07,205.00,210.00,202.00,202.00,-8.50,-4.038,215.6000,217.8000,216.4000,252.9417,261.3667,2626.0000,2883.6000,0,0,0,25.3600,34.9292,0.0000,28.7519,47.5650,143,138,28.7519,47.5650,-8.8744,0,0,0,1.7110,-8.9816,-9.8371,0,0,0,
2022/04/08,204.50,215.00,204.50,212.00,10.00,4.9505,212.7000,217.3000,215.5500,250.9250,261.5583,2739.0000,2884.0000,0,0,0,44.5919,42.8877,30.3030,29.2689,41.4663,113,127,29.2689,41.4663,4.8742,0,0,0,1.8315,-8.6924,-9.6082,0,0,0,
2022/04/11,212.00,216.00,200.50,202.00,-10.00,-4.717,208.9000,215.8000,213.7500,248.9167,261.5958,2628.0000,2873.3000,0,0,0,34.0606,37.8391,4.3478,20.9619,34.6315,111,129,20.9619,34.6315,-6.3773,0,0,0,0.7098,-9.1645,-9.5194,0,0,0,
2022/04/12,202.00,206.50,199.00,201.50,-0.50,-0.2475,205.6000,213.8500,212.5750,247.0750,261.4917,2530.0000,2833.1000,0,0,0,33.5847,37.5977,6.9444,16.2894,28.5175,98,125,16.2894,28.5175,-8.1667,0,0,0,0.0793,-9.4699,-9.5095,0,0,0,
2022/04/13,205.00,207.00,200.00,205.50,4.00,1.9851,204.6000,212.3000,212.5000,245.4000,261.5292,2579.0000,2797.8000,0,0,0,41.4396,40.8890,18.0556,16.8781,24.6377,49,102,16.8781,24.6377,1.3590,0,0,0,0.3639,-9.2821,-9.4640,0,0,0,
2022/04/14,207.50,215.00,203.00,214.50,9.00,4.3796,207.1000,211.3500,213.3750,244.0417,261.7042,2704.0000,2770.4000,0,0,0,55.6135,47.6643,56.3636,30.0400,26.4385,125,99,30.0400,26.4385,37.2430,0,0,0,1.8445,-8.3112,-9.2335,0,0,0,
2022/04/15,214.50,214.50,191.00,193.00,-21.50,-10.0233,203.3000,208.0000,213.0000,242.5917,261.7250,2215.0000,2677.0000,0,0,0,32.8327,36.7013,6.4516,22.1772,25.0180,489,174,22.1772,25.0180,16.4955,0,0,0,0.1000,-9.1710,-9.2210,0,0,0,
2022/04/18,193.00,198.00,178.00,191.00,-2.00,-1.0363,201.1000,205.0000,212.1250,241.2167,261.6958,1708.0000,2543.0000,0,0,0,31.3970,35.8642,33.7662,26.0402,25.3588,507,253,26.0402,25.3588,27.4031,0,0,0,-1.0858,-9.8996,-9.3567,0,0,0,
2022/04/19,186.50,191.00,171.50,173.50,-17.50,-9.1623,195.5000,200.5500,210.7250,239.6083,261.5333,1123.0000,2362.1000,0,0,0,21.5177,29.4520,4.4944,18.8583,23.1919,585,351,18.8583,23.1919,10.1909,0,0,0,-3.8351,-11.7537,-9.8361,0,0,0,
2022/04/20,176.00,177.00,172.50,175.50,2.00,1.1527,189.5000,197.0500,208.5500,238.1417,261.3750,1343.0000,2219.5000,0,0,0,24.7643,30.9903,8.9888,15.5684,20.6508,220,385,15.5684,20.6508,5.4038,0,0,0,-4.9227,-12.9128,-10.4514,0,0,0,
2022/04/21,173.00,184.00,173.00,180.50,5.00,2.849,182.7000,194.9000,206.3500,236.8167,261.2083,1555.0000,2112.4000,0,0,0,33.0706,34.8638,20.2247,17.1205,19.4740,212,402,17.1205,19.4740,12.4135,0,0,0,-4.5176,-13.2749,-11.0161,0,0,0,
2022/04/22,175.00,181.00,174.00,178.50,-2.00,-1.108,179.8000,191.5500,204.4250,235.5167,261.0458,1395.0000,1978.0000,0,0,0,31.4062,34.0303,16.0920,16.7777,18.5752,160,336,16.7777,18.5752,13.1825,0,0,0,-4.0812,-13.5669,-11.5263,0,0,0,
2022/04/25,178.00,178.00,163.00,168.00,-10.50,-5.8824,175.2000,188.1500,201.9750,233.5750,260.6292,1090.0000,1824.2000,0,0,0,23.8458,29.9319,9.6154,14.3902,17.1802,305,296,14.3902,17.1802,8.8103,0,0,0,-4.7238,-14.4786,-12.1168,0,0,0,
2022/04/26,170.00,172.50,162.50,171.50,3.50,2.0833,174.8000,185.1500,199.5000,231.7667,260.2000,1293.0000,1700.5000,0,0,0,30.5348,32.8717,17.1429,15.3078,16.5561,203,220,15.3078,16.5561,12.8112,0,0,0,-4.2112,-14.7488,-12.6432,0,0,0,
2022/04/27,164.00,164.00,151.50,159.50,-12.00,-6.9971,171.6000,180.5500,196.4250,229.7750,259.7000,877.0000,1530.3000,0,0,0,22.4293,28.4129,12.6984,14.4380,15.8501,416,259,14.4380,15.8501,11.6139,0,0,0,-4.9703,-15.7496,-13.2644,0,0,0,
2022/04/28,157.00,161.00,154.00,157.00,-2.50,-1.5674,166.9000,174.8000,193.0750,227.3583,258.9958,777.0000,1337.6000,0,0,0,21.0335,27.5632,11.8280,13.5680,15.0894,100,236,13.5680,15.0894,10.5252,0,0,0,-5.2628,-16.5537,-13.9223,0,0,0,
2022/04/29,161.00,167.00,155.50,156.50,-0.50,-0.3185,162.5000,171.1500,189.5750,225.2417,258.2917,630.0000,1179.1000,0,0,0,20.7240,27.3845,12.6582,13.2647,14.4812,147,234,13.2647,14.4812,10.8319,0,0,0,-4.9802,-17.0349,-14.5448,0,0,0,
2022/05/03,157.00,157.00,150.50,154.00,-2.50,-1.5974,159.7000,167.4500,186.2250,223.1333,257.5208,479.0000,1056.2000,0,0,0,19.0426,26.4492,10.4478,12.3257,13.7627,151,203,12.3257,13.7627,9.4519,0,0,0,-4.5959,-17.4172,-15.1193,0,0,0,
2022/05/04,154.50,161.00,153.50,156.50,2.50,1.6234,156.7000,165.7500,183.1500,221.2667,256.8250,699.0000,1013.8000,0,0,0,26.2252,29.0911,17.9104,14.1873,13.9042,220,206,14.1873,13.9042,14.7535,0,0,0,-3.5193,-17.3188,-15.5592,0,0,0,
2022/05/05,158.00,179.50,158.00,178.00,21.50,13.738,160.4000,166.0000,181.5250,219.8000,256.4250,1099.0000,989.4000,0,0,0,61.4874,46.9635,90.1639,39.5129,22.4404,400,203,39.5129,22.4404,73.6577,0,0,0,0.3678,-15.3293,-15.5132,0,0,0,
2022/05/06,169.50,170.00,163.00,169.00,-9.00,-5.0562,162.8000,164.8500,179.8750,218.2833,255.8667,985.0000,932.4000,0,0,0,49.5827,42.1160,63.7931,47.6063,30.8290,114,206,47.6063,30.8290,81.1607,0,0,0,1.9191,-14.3138,-15.2733,0,0,0,
2022/05/09,165.50,170.50,164.00,166.50,-2.50,-1.4793,164.8000,163.6500,177.6000,216.6667,255.1083,861.0000,879.0000,0,0,0,46.5768,40.8386,55.1724,50.1283,37.2621,124,201,50.1283,37.2621,75.8607,0,0,0,2.7502,-13.5545,-14.9296,0,0,0,
2022/05/10,164.00,166.00,154.00,166.00,-0.50,-0.3003,167.2000,163.4500,175.8000,214.8917,254.3500,744.0000,844.4000,0,0,0,45.9088,40.5701,53.4483,51.2350,41.9197,117,195,51.2350,41.9197,69.8654,0,0,0,3.3353,-12.8450,-14.5127,0,0,0,
2022/05/11,160.00,165.50,159.00,165.00,-1.00,-0.6024,168.9000,162.8000,173.9750,213.1500,253.6000,537.0000,768.8000,0,0,0,44.3813,39.9965,50.0000,50.8233,44.8876,207,192,50.8233,44.8876,62.6947,0,0,0,3.6642,-12.2225,-14.0546,0,0,0,
2022/05/12,151.00,161.00,148.50,153.00,-12.00,-7.2727,163.9000,162.1500,171.3500,211.2000,252.6125,-1062.0000,574.9000,3179,636,318,30.0047,33.7492,14.5161,38.7209,42.8320,1599,432,38.7209,42.8320,30.4987,0,0,0,2.4029,-12.5528,-13.7543,3179,636,318,
2022/05/13,157.50,169.50,155.50,167.50,14.50,9.4771,163.6000,163.2000,169.0000,209.7000,251.6375,740.0000,571.2000,3136,1263,632,52.3745,45.0609,61.2903,46.2441,43.9694,1802,769,46.2441,43.9694,50.7934,0,0,0,3.5879,-11.5118,-13.3058,3136,1263,632,
2022/05/16,170.00,188.00,170.00,179.00,11.50,6.8657,166.1000,165.4500,168.3000,208.3083,250.5958,2663.0000,774.5000,3400,1943,972,63.4819,52.1321,77.2152,56.5678,48.1688,1923,1129,56.5678,48.1688,73.3656,0,0,0,5.8529,-9.6477,-12.5742,3400,1943,972,
2022/05/17,178.00,188.00,174.00,186.00,7.00,3.9106,170.1000,168.6500,168.0500,207.0000,249.3042,3918.0000,1118.4000,3596,2662,1331,68.7974,55.9012,94.9367,69.3574,55.2317,1255,1357,69.3574,55.2317,97.6088,0,0,0,8.0885,-7.5188,-11.5631,3596,2662,1331,
2022/05/18,190.00,200.50,186.00,200.00,14.00,7.5269,177.1000,173.0000,169.3750,206.0333,248.0375,5625.0000,1611.0000,3833,3429,1715,76.8757,62.3664,99.0385,79.2511,63.2382,1707,1657,79.2511,63.2382,111.2770,29,6,3,11.0635,-4.6484,-10.1802,3863,3435,1718,
2022/05/19,192.00,214.50,192.00,214.00,14.00,7.00,189.3000,176.6000,171.3000,205.2167,247.1208,7015.0000,2202.6000,3894,3572,2104,82.3569,67.5554,99.2424,85.9149,70.7971,1390,1615,85.9149,70.7971,116.1505,30,12,6,14.3207,-1.2297,-8.3901,3925,3584,2110,
2022/05/20,206.00,214.00,200.50,201.00,-13.00,-6.0748,196.0000,179.8000,172.3250,204.2250,246.1125,5777.0000,2681.8000,3860,3717,2490,65.1494,59.2761,79.5455,83.7917,75.1286,1238,1502,83.7917,75.1286,101.1180,46,21,11,14.1052,0.4257,-6.6269,3907,3739,2501,
2022/05/23,201.50,205.00,193.00,193.00,-8.00,-3.9801,198.8000,182.4500,173.0500,203.1333,245.1000,5050.0000,3100.7000,3878,3813,2878,56.4409,54.7699,67.4242,78.3359,76.1977,727,1263,78.3359,76.1977,82.6123,53,32,16,12.3305,1.0796,-5.0856,3932,3845,2894,
2022/05/24,193.00,196.50,183.00,184.50,-8.50,-4.4041,198.5000,184.3000,173.8750,201.8833,243.9875,4242.0000,3450.5000,3858,3865,3264,48.2225,50.3347,54.5455,70.4058,74.2671,808,1174,70.4058,74.2671,62.6831,0,32,16,9.5796,0.9016,-3.8882,3858,3897,3280,
2022/05/25,184.50,202.50,180.00,202.00,17.50,9.4851,198.9000,188.0000,175.4000,201.0917,243.0417,5425.0000,3939.3000,3538,3806,3618,61.9212,57.9777,78.8136,73.2084,73.9142,1183,1069,73.2084,73.9142,71.7967,0,26,16,9.6577,2.1479,-2.6809,3538,3833,3634,
2022/05/26,198.50,204.00,190.50,193.50,-8.50,-4.2079,194.8000,192.0500,177.1000,200.1667,242.2125,4599.0000,4505.4000,3353,3698,3635,53.6483,53.6065,52.8090,66.4086,71.4123,826,956,66.4086,71.4123,56.4011,0,20,16,8.1644,2.4218,-1.6604,3353,3718,3651,
2022/05/27,195.50,203.00,193.50,202.00,8.50,4.3928,195.0000,195.5000,179.3500,199.1917,241.3417,5389.0000,4970.3000,3279,3582,3650,60.0528,57.1323,69.1358,67.3176,70.0474,790,866,67.3176,70.0474,61.8581,0,11,16,7.9156,3.2868,-0.6709,3279,3593,3666,
2022/05/30,203.00,222.00,200.00,220.00,18.00,8.9109,200.4000,199.6000,182.5250,198.5000,240.4917,6931.0000,5397.1000,3294,3465,3639,70.4340,63.5344,95.2381,76.6245,72.2398,1542,1029,76.6245,72.2398,85.3939,56,11,22,9.6544,5.3630,0.5358,3351,3476,3661,
2022/05/31,215.00,222.50,211.50,216.00,-4.00,-1.8182,206.7000,202.6000,185.6250,197.6333,239.7833,5876.0000,5592.9000,3265,3346,3606,65.8693,61.3145,84.7059,79.3183,74.5993,1055,1079,79.3183,74.5993,88.7563,55,22,27,9.7178,6.6095,1.7506,3321,3369,3633,
2022/06/01,216.00,229.50,212.00,218.00,2.00,0.9259,209.9000,204.4000,188.7000,196.9083,239.1208,7139.0000,5744.3000,3235,3286,3546,67.1468,62.0380,76.7677,78.4681,75.8889,1263,1095,78.4681,75.8889,83.6265,61,35,30,9.4715,7.6702,2.9345,3297,3321,3577,
2022/06/02,220.50,220.50,215.00,215.50,-2.50,-1.1468,214.3000,204.5500,190.5750,196.4333,238.4417,6643.0000,5707.1000,3174,3250,3474,63.5773,60.4952,71.7172,76.2178,75.9985,496,1029,76.2178,75.9985,76.6563,0,35,27,8.4480,8.2145,3.9905,3174,3285,3501,
2022/06/06,215.00,215.50,201.00,203.50,-12.00,-5.5684,214.6000,204.8000,192.3000,196.1917,237.6542,5821.0000,5711.5000,3175,3229,3405,48.6735,53.5252,47.4747,66.6368,72.8779,822,1035,66.6368,72.8779,54.1544,0,35,23,5.7592,7.5900,4.7104,3175,3264,3428,
2022/06/07,204.00,217.00,202.50,213.00,9.50,4.6683,213.2000,206.8000,194.6250,195.9250,236.8708,6500.0000,5856.5000,3198,3210,3337,58.0220,57.7311,66.6667,66.6467,70.8009,679,863,66.6467,70.8009,58.3385,0,23,17,4.8987,7.7721,5.3227,3198,3233,3355,
2022/06/08,208.50,213.00,202.00,204.00,-9.00,-4.2254,210.8000,208.7500,196.5250,195.3583,235.8875,5947.0000,6027.0000,3191,3195,3271,48.0688,52.7934,34.6154,55.9696,65.8571,553,762,55.9696,65.8571,36.1946,0,12,17,2.8568,7.1082,5.6798,3191,3207,3288,
2022/06/09,206.50,206.50,198.50,202.00,-2.00,-0.9804,207.6000,208.7500,198.3750,194.9750,234.9458,5499.0000,6034.4000,3188,3185,3236,45.9661,51.7209,23.6111,45.1834,58.9659,448,599,45.1834,58.9659,17.6186,58,12,23,1.0684,6.3476,5.8134,3266,3201,3261,
2022/06/10,203.00,212.00,200.50,208.00,6.00,2.9703,206.1000,210.2000,201.1250,194.9917,234.1208,6100.0000,6184.5000,3178,3186,3218,53.3175,54.7305,30.6452,40.3374,52.7564,601,620,40.3374,52.7564,15.4993,0,12,23,0.5512,6.1579,5.8823,3198,3206,3245,
2022/06/13,198.00,203.50,197.50,200.50,-7.50,-3.6058,205.5000,210.0500,202.7750,195.0500,233.2542,5690.0000,6214.6000,3243,3200,3214,44.2808,50.4426,9.3750,30.0166,45.1764,410,538,30.0166,45.1764,-0.3032,48,21,28,-0.8663,5.3408,5.7740,3311,3233,3248,
2022/06/14,199.00,201.00,181.50,194.50,-6.00,-2.9925,201.8000,207.5000,203.5500,194.9500,232.3833,4948.0000,6016.3000,3215,3203,3206,38.0841,47.2144,27.0833,29.0388,39.7972,742,550,29.0388,39.7972,7.5220,42,30,27,-2.5805,4.1612,5.4514,3277,3249,3241,
2022/06/15,194.50,194.50,181.50,182.50,-12.00,-6.1697,197.5000,204.1500,203.3750,194.5167,231.4875,4324.0000,5861.1000,3166,3198,3197,28.5092,41.4296,2.5641,20.2139,33.2695,624,565,20.2139,33.2695,-5.8972,0,30,21,-5.1507,2.2323,4.8076,3186,3248,3228,
2022/06/16,187.00,187.00,169.00,169.50,-13.00,-7.1233,191.0000,199.3000,201.8500,193.9833,230.6250,3398.0000,5487.0000,3321,3225,3205,21.4865,36.1893,1.0417,13.8232,26.7874,926,660,13.8232,26.7874,-12.1052,23,23,17,-8.2385,-0.3415,3.7778,3384,3272,3236,
2022/06/17,166.00,176.00,164.00,171.00,1.50,0.885,183.6000,194.8500,199.7000,193.1833,229.7833,3896.0000,5212.3000,3352,3260,3223,24.0761,37.1894,13.2075,13.6180,22.3976,498,640,13.6180,22.3976,-3.9412,21,27,19,-9.6195,-2.2344,2.5753,3413,3315,3260,
2022/06/20,170.50,170.50,158.00,160.00,-11.00,-6.4327,175.5000,190.5000,197.6500,192.1083,228.7667,3386.0000,4968.8000,3371,3285,3243,18.6601,33.0462,3.6364,10.2908,18.3620,510,660,10.2908,18.3620,-5.8516,34,24,23,-11.4317,-4.5695,1.1464,3445,3342,3287,
2022/06/21,163.00,166.50,155.00,163.00,3.00,1.875,169.2000,185.5000,196.1500,191.2083,227.7792,3717.0000,4690.5000,3436,3329,3266,24.2378,35.1943,14.0351,11.5389,16.0876,331,577,11.5389,16.0876,2.4414,0,16,23,-11.6063,-6.1075,-0.3044,3476,3381,3315,
2022/06/22,163.00,163.00,149.00,149.00,-14.00,-8.589,162.5000,180.0000,194.3750,190.0750,226.6833,3190.0000,4414.8000,3415,3379,3289,17.5128,30.2531,0.0000,7.6926,13.2893,527,558,7.6926,13.2893,-3.5008,29,22,26,-12.8887,-8.3598,-1.9155,3484,3441,3345,
2022/06/23,153.00,157.50,148.50,153.50,4.50,3.0201,159.3000,175.1500,191.9500,188.9500,225.6333,3535.0000,4218.4000,3375,3390,3307,25.4872,33.5256,9.0909,8.1587,11.5791,345,442,8.1587,11.5791,1.3179,19,21,22,-12.4075,-9.6702,-3.4664,3444,3453,3362,
2022/06/24,154.00,161.50,152.00,155.00,1.50,0.9772,156.1000,169.8500,190.0250,187.8500,224.5708,3873.0000,3995.7000,3324,3384,3322,28.2613,34.6408,12.3810,9.5661,10.9081,338,410,9.5661,10.9081,6.8822,0,17,22,-11.2008,-10.4669,-4.8665,3374,3445,3380,
2022/06/27,156.50,163.50,156.50,158.50,3.50,2.2581,155.8000,165.6500,187.8500,186.7583,223.5458,4110.0000,3837.7000,3343,3379,3332,35.0336,37.3174,21.7391,13.6238,11.8133,237,355,13.6238,11.8133,17.2447,0,10,17,-9.3219,-10.6927,-6.0318,3393,3435,3388,
2022/06/28,158.50,158.50,151.00,152.00,-6.50,-4.1009,153.6000,161.4000,184.4500,185.5167,222.4167,3849.0000,3727.8000,3289,3349,3339,28.9442,34.4584,9.0909,12.1128,11.9132,261,341,12.1128,11.9132,12.5122,0,10,13,-8.3752,-11.2662,-7.0786,3339,3407,3394,
2022/06/29,151.50,151.50,147.00,148.00,-4.00,-2.6316,153.4000,157.9500,181.0500,184.3000,221.2250,3604.0000,3655.8000,3311,3329,3354,25.6517,32.7728,3.4483,9.2246,11.0170,245,285,9.2246,11.0170,5.6400,0,4,13,-7.7242,-11.9063,-8.0442,3361,3383,3412,
2022/06/30,149.00,149.00,137.50,137.50,-10.50,-7.0946,150.2000,154.7500,177.0250,182.9583,219.8750,3256.0000,3641.6000,3361,3326,3358,18.8847,28.7461,0.0000,6.1498,9.3946,348,285,6.1498,9.3946,-0.3399,0,0,11,-8.1048,-13.1097,-9.0573,3421,3378,3415,
2022/07/01,139.00,141.00,129.50,129.50,-8.00,-5.8182,145.1000,150.6000,172.7250,181.6083,218.3333,3014.0000,3553.4000,3400,3341,3363,15.2150,26.0825,0.0000,4.0998,7.6297,242,266,4.0998,7.6297,-2.9598,3,1,9,-8.7744,-14.5413,-10.1541,3463,3396,3420,
2022/07/04,133.50,133.50,123.50,126.00,-3.50,-2.7027,138.6000,147.2000,168.8500,180.3417,216.6417,2881.0000,3502.9000,3424,3357,3368,13.8065,24.9778,6.2500,4.8166,6.6920,133,245,4.8166,6.6920,1.0658,5,2,6,-8.9957,-15.7764,-11.2785,3489,3415,3425,
2022/07/05,130.50,131.50,121.50,131.50,5.50,4.3651,134.5000,144.0500,164.7750,179.0000,214.9625,3141.0000,3445.3000,3492,3398,3374,26.6169,30.0560,23.8095,11.1475,8.1772,260,245,11.1475,8.1772,17.0883,7,3,6,-7.7552,-16.1256,-12.2479,3559,3459,3433,
2022/07/06,132.50,132.50,122.50,127.50,-4.00,-3.0418,130.4000,141.9000,160.9500,177.7583,213.3375,2912.0000,3417.5000,3451,3426,3377,23.5609,28.5241,14.2857,12.1936,9.5160,229,242,12.1936,9.5160,17.5489,0,3,3,-6.8584,-16.5344,-13.1052,3581,3503,3443,
2022/07/07,130.00,136.00,123.50,136.00,8.50,6.6667,130.1000,140.1500,157.6500,176.6667,211.8708,3204.0000,3384.4000,3462,3446,3386,40.8723,36.0766,34.5238,19.6370,12.8897,292,231,19.6370,12.8897,33.1317,0,3,2,-4.6129,-15.9883,-13.6819,3592,3537,3457,
2022/07/08,133.50,140.00,131.50,139.50,3.50,2.5735,132.1000,138.6000,154.2250,175.5667,210.4833,3585.0000,3355.6000,3462,3458,3400,46.8230,38.9732,48.6486,29.3076,18.3623,381,259,29.3076,18.3623,51.1981,0,2,2,-2.2674,-15.0990,-13.9653,3632,3571,3483,
2022/07/11,137.50,139.50,130.00,132.50,-7.00,-5.0179,133.4000,136.0000,150.8250,174.2000,209.1208,3390.0000,3283.6000,3476,3469,3413,37.7136,35.4667,36.6667,31.7606,22.8284,195,271,31.7606,22.8284,49.6250,0,1,2,-1.3173,-14.7886,-14.1299,3646,3602,3509,
2022/07/12,128.00,128.50,119.50,120.00,-12.50,-9.434,131.1000,132.8000,147.1000,172.9833,207.7875,3116.0000,3210.3000,3531,3477,3437,26.6172,30.1776,1.6949,21.7387,22.4652,274,274,21.7387,22.4652,20.2858,0,0,2,-1.9905,-15.3740,-14.3788,3701,3631,3545,
2022/07/13,124.00,126.00,122.00,123.50,3.50,2.9167,130.3000,130.3500,144.1500,171.8583,206.5375,3265.0000,3176.4000,3518,3490,3458,33.2192,33.2196,18.6047,20.6940,21.8748,149,258,20.6940,21.8748,18.3325,0,0,2,-1.5992,-15.3783,-14.5787,3688,3652,3577,
2022/07/14,121.50,130.50,120.50,130.50,7.00,5.668,129.2000,129.6500,142.2000,171.1417,205.3750,3440.0000,3194.8000,3548,3507,3477,45.0780,39.0165,53.6585,31.6822,25.1439,175,234,31.6822,25.1439,44.7587,0,0,2,-0.1109,-14.6479,-14.5925,3718,3677,3607,
2022/07/15,128.00,134.50,124.50,133.50,3.00,2.2989,128.0000,130.0500,140.3250,170.4417,204.2917,3637.0000,3257.1000,3521,3519,3489,49.6740,41.3950,68.2927,43.8857,31.3912,197,198,43.8857,31.3912,68.8747,0,0,1,1.4768,-13.6695,-14.4079,3691,3689,3630,
2022/07/18,134.00,139.50,133.00,134.00,0.50,0.3745,128.3000,130.8500,139.0250,169.6667,203.2417,3805.0000,3349.5000,3489,3522,3495,50.5025,41.8076,70.7317,52.8344,38.5389,168,192,52.8344,38.5389,81.4253,0,0,1,2.7210,-12.7073,-14.0678,3659,3692,3647,
2022/07/19,133.50,138.00,133.50,135.00,1.00,0.7463,131.3000,131.2000,137.6250,168.9417,202.2292,3940.0000,3429.4000,3508,3517,3497,52.3836,42.6881,75.6098,60.4262,45.8347,135,164,60.4262,45.8347,89.6092,0,0,0,3.7424,-11.7288,-13.6000,3713,3694,3662,
2022/07/20,141.50,143.50,138.50,141.00,6.00,4.4444,134.8000,132.5500,137.2250,168.4917,201.0333,4145.0000,3552.7000,3505,3514,3502,62.6139,47.8525,89.5833,70.1452,53.9382,205,176,70.1452,53.9382,102.5593,0,0,0,5.2002,-10.3499,-12.9500,3710,3698,3675,
2022/07/21,141.00,150.00,139.00,149.50,8.50,6.0284,138.6000,133.9000,137.0250,168.1250,199.9458,4385.0000,3670.8000,3502,3505,3506,72.6157,54.2270,98.3607,79.5504,62.4756,240,189,79.5504,62.4756,113.6999,0,0,0,7.1623,-8.4735,-12.0547,3707,3696,3687,
2022/07/22,150.00,153.50,141.50,141.50,-8.00,-5.3512,140.2000,134.1000,136.3500,167.8250,198.8000,4085.0000,3720.8000,3460,3493,3506,55.7660,48.1800,64.7059,74.6022,66.5178,300,209,74.6022,66.5178,90.7710,0,0,0,7.2154,-7.5451,-11.1528,3665,3691,3690,
2022/07/25,141.50,141.50,136.50,138.00,-3.50,-2.4735,141.0000,134.6500,135.3250,167.5083,197.4333,3982.0000,3780.0000,3459,3487,3504,49.7103,45.7454,53.0303,67.4116,66.8157,103,196,67.4116,66.8157,68.6033,0,0,0,6.6270,-7.0109,-10.3244,3664,3692,3692,
2022/07/26,138.00,138.00,128.00,129.00,-9.00,-6.5217,139.8000,135.5500,134.1750,167.0500,196.1458,3757.0000,3844.1000,3432,3472,3494,37.2338,40.0659,25.7576,53.5269,62.3861,225,214,53.5269,62.3861,35.8085,0,0,0,4.9504,-7.2304,-9.7056,3637,3677,3685,
2022/07/27,130.00,135.00,129.00,134.00,5.00,3.876,138.4000,136.6000,133.4750,166.7167,194.9250,3897.0000,3907.3000,3429,3457,3486,46.2307,44.2601,32.7586,46.6041,57.1255,140,201,46.6041,57.1255,25.5615,0,0,0,4.4552,-6.9211,-9.1487,3634,3662,3680,
2022/07/28,137.50,138.00,130.50,130.50,-3.50,-2.6119,134.6000,136.6000,133.1250,166.2833,193.7750,3715.0000,3934.8000,3377,3432,3468,41.2625,42.0149,9.8039,34.3374,49.5294,182,190,34.3374,49.5294,3.9533,0,0,0,3.6313,-6.8791,-8.6948,3582,3637,3666,
2022/07/29,133.50,135.50,131.50,132.00,1.50,1.1494,132.7000,136.4500,133.2500,165.5167,192.6583,3846.0000,3955.7000,3383,3416,3455,44.3387,43.3582,15.6863,28.1204,42.3931,131,156,28.1204,42.3931,-0.4251,0,0,0,3.2745,-6.6482,-8.2855,3588,3621,3656,
2022/08/01,132.00,133.50,127.50,129.50,-2.50,-1.8939,131.0000,136.0000,133.4250,164.8583,191.5708,3713.0000,3946.5000,3380,3400,3444,40.1348,41.6057,7.6923,21.3110,35.3657,133,162,21.3110,35.3657,-6.7984,0,0,0,2.7113,-6.5909,-7.9465,3585,3605,3649,
2022/08/02,124.00,125.50,121.00,122.50,-7.00,-5.4054,129.7000,134.7500,132.9750,164.1250,190.3958,3567.0000,3909.2000,3328,3380,3426,30.4379,37.0334,4.6154,15.7458,28.8257,146,146,15.7458,28.8257,-10.4141,0,0,0,1.4675,-7.0293,-7.7631,3533,3585,3631,
2022/08/03,123.50,126.00,121.00,121.50,-1.00,-0.8163,127.2000,132.8000,132.6750,163.3833,189.1375,3433.0000,3838.0000,3298,3353,3405,29.2274,36.4098,1.5385,11.0100,22.8872,134,145,11.0100,22.8872,-12.7443,0,0,0,0.6250,-7.3725,-7.6850,3503,3558,3610,
2022/08/04,122.00,123.50,115.00,118.50,-3.00,-2.4691,124.8000,129.7000,131.8000,162.6083,187.8792,3258.0000,3725.3000,3285,3335,3383,25.5668,34.5081,13.2075,11.7425,19.1723,175,143,11.7425,19.1723,-3.1170,0,0,0,-0.1787,-7.7967,-7.7073,3490,3540,3588,
2022/08/05,121.00,124.00,121.00,124.00,5.50,4.6414,123.2000,127.9500,131.0250,162.1250,186.6625,3357.0000,3652.5000,3293,3317,3367,41.6456,40.7023,39.1304,20.8718,19.7388,99,137,20.8718,19.7388,23.1379,0,0,0,0.1695,-7.6014,-7.6861,3498,3522,3572,
2022/08/08,122.00,126.50,119.00,125.50,1.50,1.2097,122.4000,126.7000,130.6750,161.4250,185.5625,3524.0000,3606.7000,3277,3296,3348,45.4987,42.3252,45.6522,29.1319,22.8699,167,144,29.1319,22.8699,41.6561,0,0,0,0.7105,-7.2421,-7.5973,3482,3501,3553,
2022/08/09,130.00,138.00,130.00,138.00,12.50,9.9602,125.5000,127.6000,131.5750,160.7417,184.5250,3857.0000,3616.7000,3261,3283,3331,67.1735,53.8161,100.0000,52.7546,32.8314,333,181,52.7546,32.8314,92.6010,0,0,0,2.7462,-5.8809,-7.2540,3466,3488,3536,
2022/08/10,138.00,147.00,135.50,142.00,4.00,2.8986,129.6000,128.4000,132.5000,160.0083,183.5042,4630.0000,3690.0000,3186,3261,3307,71.5224,56.8194,84.3750,63.2948,42.9859,773,309,63.2948,42.9859,103.9125,27,5,3,4.5211,-4.4284,-6.6889,3418,3471,3515,
2022/08/11,143.00,146.00,139.00,141.50,-0.50,-0.3521,134.2000,129.5000,133.0500,159.0333,182.5333,4222.0000,3740.7000,3180,3240,3287,70.1288,56.3200,82.8125,69.8007,51.9241,408,356,69.8007,51.9241,105.5537,31,12,6,5.4546,-3.2798,-6.0071,3416,3456,3498,
2022/08/12,142.00,145.00,139.00,141.00,-0.50,-0.3534,137.6000,130.4000,133.4250,157.8167,181.5167,3937.0000,3749.8000,3216,3224,3271,68.5265,55.7851,81.2500,73.6171,59.1551,285,393,73.6171,59.1551,102.5411,34,18,9,5.7996,-2.3823,-5.2821,3455,3448,3485,
2022/08/15,139.50,142.00,139.00,140.50,-0.50,-0.3546,140.6000,131.5000,133.7500,156.8083,180.5167,3733.0000,3751.8000,3250,3219,3258,66.6978,55.2130,79.6875,75.6406,64.6503,204,400,75.6406,64.6503,97.6212,37,26,13,5.7442,-1.6920,-4.5641,3492,3450,3476,
2022/08/16,140.50,145.00,140.00,140.50,0.00,0.00,141.1000,133.3000,134.0250,155.9333,179.5333,3733.0000,3768.4000,3159,3198,3241,66.6978,55.2130,79.6875,76.9896,68.7634,302,394,76.9896,68.7634,93.4419,0,26,13,5.4916,-1.1318,-3.8776,3364,3429,3459,
2022/08/17,138.00,144.00,132.50,141.00,0.50,0.3559,140.9000,135.2500,134.0250,155.2083,178.5458,4170.0000,3842.1000,3120,3185,3223,67.9302,55.7530,78.5714,77.5168,71.6812,437,327,77.5168,71.6812,89.1881,7,22,14,5.1800,-0.6402,-3.2302,3332,3412,3442,
2022/08/18,138.00,141.00,138.00,140.00,-1.00,-0.7092,140.6000,137.4000,133.5500,154.1750,177.6333,4015.0000,3917.8000,3156,3180,3210,62.3892,54.3240,75.0000,76.6779,73.3468,155,276,76.6779,73.3468,83.3402,0,16,14,4.6443,-0.3274,-2.6496,3361,3401,3429,
2022/08/19,140.00,154.00,140.00,153.50,13.50,9.6429,143.1000,140.3500,134.1500,153.5083,176.8375,4840.0000,4066.1000,3259,3189,3207,83.7983,66.8410,97.9167,83.7575,76.8170,825,384,83.7575,76.8170,97.6385,0,9,14,5.8365,0.9982,-1.9200,3464,3403,3425,
2022/08/22,148.50,149.50,143.00,143.00,-10.50,-6.8404,143.6000,142.1000,134.4000,152.5250,175.8583,4384.0000,4152.1000,3166,3172,3196,54.7244,54.2312,48.8372,72.1174,75.2505,456,435,72.1174,75.2505,65.8512,0,1,14,4.9727,1.1879,-1.2985,3371,3379,3414,
2022/08/23,143.00,143.00,138.50,141.00,-2.00,-1.3986,143.7000,142.4000,135.0000,151.2083,174.8542,4167.0000,4183.1000,3099,3160,3179,50.7034,52.1855,39.5349,61.2566,70.5858,217,418,61.2566,70.5858,42.5980,0,1,14,3.9389,1.1634,-0.8061,3304,3367,3398,
2022/08/24,141.50,144.00,139.50,142.00,1.00,0.7092,143.9000,142.4000,135.4000,149.9750,173.8042,4354.0000,4155.5000,3048,3146,3165,52.7849,53.1495,44.1860,55.5664,65.5793,187,368,55.5664,65.5793,35.5405,0,0,11,3.2269,1.2107,-0.4027,3253,3351,3381,
2022/08/25,143.50,144.50,140.00,142.00,0.00,0.00,144.3000,142.4500,135.9750,148.7083,172.8083,4354.0000,4168.7000,3067,3128,3154,52.7849,53.1495,44.1860,51.7729,60.9772,201,377,51.7729,60.9772,33.3644,0,0,8,2.6187,1.2340,-0.0754,3272,3333,3367,
2022/08/26,143.50,144.50,139.50,140.50,-1.50,-1.0563,141.7000,142.4000,136.4000,147.4583,171.9458,4121.0000,4187.1000,3071,3090,3140,48.3731,51.3031,37.2093,46.9184,56.2909,233,258,46.9184,56.2909,28.1733,0,0,4,1.9102,1.1185,0.1634,3276,3295,3349,
2022/08/29,134.00,135.00,131.00,133.00,-7.50,-5.3381,139.7000,141.6500,136.5750,146.2833,171.2375,3942.0000,4208.0000,3064,3070,3121,32.2168,43.1305,8.6957,34.1775,48.9198,179,203,34.1775,48.9198,4.6929,5,1,1,0.4057,0.4170,0.2141,3274,3276,3327,
2022/08/30,137.50,143.00,133.00,143.00,10.00,7.5188,140.1000,141.9000,137.6000,145.1167,170.5208,4247.0000,4259.4000,3064,3063,3112,55.8240,53.8288,52.1739,40.1763,46.0053,305,221,40.1763,46.0053,28.5183,0,1,1,0.7140,0.6603,0.3033,3224,3260,3313,
2022/08/31,139.00,144.50,138.00,141.00,-2.00,-1.3986,139.9000,141.9000,138.5750,144.0667,169.7125,3870.0000,4229.4000,3049,3063,3104,51.5178,51.7066,43.4783,41.2769,44.4292,377,259,41.2769,44.4292,34.9725,0,1,1,0.6089,0.6839,0.3795,3134,3236,3293,
2022/09/01,140.50,140.50,131.50,133.00,-8.00,-5.6738,138.1000,141.2000,139.3000,142.9167,168.9458,3551.0000,4183.0000,3030,3056,3092,37.5970,44.1166,10.8108,31.1216,39.9933,319,282,31.1216,39.9933,13.3781,0,1,1,-0.5169,0.0564,0.3148,3030,3188,3260,
2022/09/02,134.50,135.50,130.50,131.00,-2.00,-1.5038,136.2000,138.9500,139.6500,141.6333,168.3125,3311.0000,4030.1000,3040,3049,3070,34.7778,42.4185,3.5714,21.9382,33.9749,240,284,21.9382,33.9749,-2.1353,0,1,1,-1.4564,-0.5954,0.1328,3040,3140,3218,
